Fold,batch_size,learning_rate,Execution_Duration,AUC_ROC
0,90,0.001,3.648921187967062,0.6928820712604497
1,90,0.001,3.438601154834032,0.685739793847902
2,90,0.001,3.433903407305479,0.676324973622271
3,90,0.001,3.3771599382162094,0.6890674458242025
4,90,0.001,3.393108546733856,0.6391526661796932
