Fold,batch_size,learning_rate,Execution_Duration,AUC_ROC
0,90,1e-06,3.535980813205242,0.6209723236750264
1,90,1e-06,3.5231071151793003,0.7164191218245272
2,90,1e-06,3.4611688889563084,0.6278711143576008
3,90,1e-06,3.410353895276785,0.6731596461326191
4,90,1e-06,3.3297388665378094,0.6468630792955117
