Fold,batch_size,learning_rate,Execution_Duration,AUC_ROC
0,360,1e-06,3.577079441398382,0.6551416281146011
1,360,1e-06,3.4514142125844955,0.6250304358412466
2,360,1e-06,3.3486532010138035,0.6755133511890269
3,360,1e-06,3.4735903702676296,0.6336336336336337
4,360,1e-06,3.423500996083021,0.6179693206720234
