Fold,batch_size,learning_rate,Execution_Duration,AUC_ROC
0,360,0.001,3.473286211490631,0.656521386251116
1,360,0.001,3.3813167065382004,0.6922327733138544
2,360,0.001,3.3404132910072803,0.6414252089927766
3,360,0.001,3.354464627802372,0.6924762600438276
4,360,0.001,3.5954838171601295,0.6708059410762114
