Model,Fold,n_estimators,contamination,max_samples,max_features,Execution_Duration,AUC_ROC
Isolation_Forest,0,70,0.01,256,0.5,0.38362324610352516,0.5836452227950003
Isolation_Forest,1,70,0.01,256,0.5,0.3822910748422146,0.6378786808841184
Isolation_Forest,2,70,0.01,256,0.5,0.38123562186956406,0.505260927900572
Isolation_Forest,3,70,0.01,256,0.5,0.37035071849823,0.5472071181413742
Isolation_Forest,4,70,0.01,256,0.5,0.3898671828210354,0.5340724525104159
