Model,Fold,n_estimators,contamination,max_samples,max_features,Execution_Duration,AUC_ROC
Isolation_Forest,0,100,0.01,256,1.0,0.33702167496085167,0.5951557093425606
Isolation_Forest,1,100,0.01,256,1.0,0.32287222146987915,0.6803191864981287
Isolation_Forest,2,100,0.01,256,1.0,0.35839854180812836,0.5685332956712097
Isolation_Forest,3,100,0.01,256,1.0,0.3442542515695095,0.6313113480686392
Isolation_Forest,4,100,0.01,256,1.0,0.3315148092806339,0.705599887013629
