Model,Fold,n_estimators,contamination,max_samples,max_features,Execution_Duration,AUC_ROC
Isolation_Forest,0,40,0.01,256,1.0,0.35145948827266693,0.5558223289315727
Isolation_Forest,1,40,0.01,256,1.0,0.34178388863801956,0.48965468540357315
Isolation_Forest,2,40,0.01,256,1.0,0.34638189151883125,0.4035025775015889
Isolation_Forest,3,40,0.01,256,1.0,0.36131732165813446,0.6053950992161571
Isolation_Forest,4,40,0.01,256,1.0,0.4776221252977848,0.6733281547913283
