Model,Fold,n_estimators,contamination,max_samples,max_features,Execution_Duration,AUC_ROC
Isolation_Forest,0,10,0.01,256,1.0,0.3574397750198841,0.6016524256761527
Isolation_Forest,1,10,0.01,256,1.0,0.33312006294727325,0.4718593319680814
Isolation_Forest,2,10,0.01,256,1.0,0.37478120252490044,0.46123155144410705
Isolation_Forest,3,10,0.01,256,1.0,0.3480653390288353,0.6322999788150555
Isolation_Forest,4,10,0.01,256,1.0,0.33545661717653275,0.6634418473271662
