Model,Fold,n_estimators,contamination,max_samples,max_features,Execution_Duration,AUC_ROC
Isolation_Forest,0,2,0.01,256,0.5,0.3667300418019295,0.36897111785890824
Isolation_Forest,1,2,0.01,256,0.5,0.3325006254017353,0.5235859049502154
Isolation_Forest,2,2,0.01,256,0.5,0.3468068242073059,0.43609208389238047
Isolation_Forest,3,2,0.01,256,0.5,0.3406943157315254,0.5439587599745781
Isolation_Forest,4,2,0.01,256,0.5,0.3313294090330601,0.4859826283454559
