Model,Fold,n_estimators,contamination,max_samples,max_features,Execution_Duration,AUC_ROC
Isolation_Forest,0,2,0.01,256,1.0,0.36943525075912476,0.6413035802556316
Isolation_Forest,1,2,0.01,256,1.0,0.3859882690012455,0.5236212131911587
Isolation_Forest,2,2,0.01,256,1.0,0.3614570312201977,0.4589365157827837
Isolation_Forest,3,2,0.01,256,1.0,0.35396746173501015,0.7191582515359085
Isolation_Forest,4,2,0.01,256,1.0,0.3406483829021454,0.7165101334651507
