Model,Fold,n_estimators,contamination,max_samples,max_features,Execution_Duration,AUC_ROC
Isolation_Forest,0,100,0.01,256,0.5,0.37557557970285416,0.6937363180566344
Isolation_Forest,1,100,0.01,256,0.5,0.37735143303871155,0.6789068568603912
Isolation_Forest,2,100,0.01,256,0.5,0.3836863450706005,0.6133041451874868
Isolation_Forest,3,100,0.01,256,0.5,0.37747573107481003,0.6294047030576938
Isolation_Forest,4,100,0.01,256,0.5,0.3844643346965313,0.5808205635195254
