Model,Fold,n_estimators,contamination,max_samples,max_features,Execution_Duration,AUC_ROC
Isolation_Forest,0,70,0.01,256,1.0,0.4845990389585495,0.4895134524397994
Isolation_Forest,1,70,0.01,256,1.0,0.3421723358333111,0.602146741049361
Isolation_Forest,2,70,0.01,256,1.0,0.33101601898670197,0.4926911941247087
Isolation_Forest,3,70,0.01,256,1.0,0.3423469327390194,0.6024998234587953
Isolation_Forest,4,70,0.01,256,1.0,0.35445641353726387,0.6675376032766049
