Model,Fold,n_estimators,contamination,max_samples,max_features,Execution_Duration,AUC_ROC
Isolation_Forest,0,40,0.01,256,0.5,0.35884255915880203,0.5599180848810112
Isolation_Forest,1,40,0.01,256,0.5,0.3475002534687519,0.6570157474754608
Isolation_Forest,2,40,0.01,256,0.5,0.35281627252697945,0.5405691688440082
Isolation_Forest,3,40,0.01,256,0.5,0.37982920929789543,0.5684626791893227
Isolation_Forest,4,40,0.01,256,0.5,0.38913945853710175,0.5782077536897111
