Model,Fold,n_estimators,contamination,max_samples,max_features,Execution_Duration,AUC_ROC
Isolation_Forest,0,10,0.01,256,0.5,0.3595137372612953,0.5220676505896475
Isolation_Forest,1,10,0.01,256,0.5,0.38499343395233154,0.590989336911235
Isolation_Forest,2,10,0.01,256,0.5,0.35592301189899445,0.43510345314596427
Isolation_Forest,3,10,0.01,256,0.5,0.33911899849772453,0.41098792458159733
Isolation_Forest,4,10,0.01,256,0.5,0.3470214419066906,0.27858202104371155
