Fold,n_estimators,contamination,max_samples,max_features,Execution_Duration,AUC_ROC
0,70,0.01,256,0.5,3.8789670281112194,0.4282183461619943
1,70,0.01,256,0.5,3.8745524995028973,0.674034319610197
2,70,0.01,256,0.5,3.9114889055490494,0.43196101970199846
3,70,0.01,256,0.5,3.979256197810173,0.48132194054092214
4,70,0.01,256,0.5,3.9161853455007076,0.4873243415013064
