Fold,n_estimators,contamination,max_samples,max_features,Execution_Duration,AUC_ROC
0,2,0.01,256,1.0,3.905957479029894,0.36279217569380695
1,2,0.01,256,1.0,3.754375834017992,0.25086505190311414
2,2,0.01,256,1.0,4.065083932131529,0.45385212908692885
3,2,0.01,256,1.0,3.9999247044324875,0.37094837935174074
4,2,0.01,256,1.0,3.823552057147026,0.2454981992797119
