Fold,n_estimators,contamination,max_samples,max_features,Execution_Duration,AUC_ROC
0,100,0.01,256,1.0,3.707103244960308,0.480333309794506
1,100,0.01,256,1.0,3.613061558455229,0.44580185015182544
2,100,0.01,256,1.0,3.622125580906868,0.37179577713438317
3,100,0.01,256,1.0,3.7476938851177692,0.4619730245039192
4,100,0.01,256,1.0,3.7271893359720707,0.4065390862227244
