Fold,n_estimators,contamination,max_samples,max_features,Execution_Duration,AUC_ROC
0,70,0.01,256,1.0,3.8782463297247887,0.45477014335145827
1,70,0.01,256,1.0,3.8345253840088844,0.4524397994491914
2,70,0.01,256,1.0,3.8558533154428005,0.3970764776498835
3,70,0.01,256,1.0,3.7614651657640934,0.4135301179295247
4,70,0.01,256,1.0,3.7760677747428417,0.44311842384012423
