Fold,n_estimators,contamination,max_samples,max_features,Execution_Duration,AUC_ROC
0,40,0.01,256,1.0,3.836123548448086,0.6478356048301674
1,40,0.01,256,1.0,3.857580367475748,0.5029305839983053
2,40,0.01,256,1.0,3.718959480524063,0.5128875079443542
3,40,0.01,256,1.0,3.8606348372995853,0.46952898806581456
4,40,0.01,256,1.0,3.695350542664528,0.5577995904244051
