Fold,n_estimators,contamination,max_samples,max_features,Execution_Duration,AUC_ROC
0,100,0.01,256,0.5,4.026819229125977,0.4884542052114964
1,100,0.01,256,0.5,3.9544573314487934,0.6798248711249205
2,100,0.01,256,0.5,3.84504409506917,0.4409293129016312
3,100,0.01,256,0.5,3.9340102709829807,0.4486265094273003
4,100,0.01,256,0.5,3.7902566455304623,0.4359861591695502
