Fold,n_estimators,contamination,max_samples,max_features,Execution_Duration,AUC_ROC
0,10,0.01,256,1.0,3.9346793480217457,0.4539933620507026
1,10,0.01,256,1.0,3.905706185847521,0.2901278158322152
2,10,0.01,256,1.0,3.8744737841188908,0.36819433655815265
3,10,0.01,256,1.0,3.741041298955679,0.3477861732928466
4,10,0.01,256,1.0,3.831617798656225,0.3673116305345668
