Fold,n_estimators,contamination,max_samples,max_features,Execution_Duration,AUC_ROC
0,40,0.01,256,0.5,4.008772071450949,0.47835604830167355
1,40,0.01,256,0.5,3.9009662829339504,0.6738224701645364
2,40,0.01,256,0.5,3.8443669080734253,0.3186215662735683
3,40,0.01,256,0.5,3.8346435464918613,0.5521502718734553
4,40,0.01,256,0.5,3.713625766336918,0.44763787868088417
