Fold,n_estimators,contamination,max_samples,max_features,Execution_Duration,AUC_ROC
0,10,0.01,256,0.5,3.841471180319786,0.6349834051267566
1,10,0.01,256,0.5,4.028098851442337,0.6374902902337407
2,10,0.01,256,0.5,3.8585521765053272,0.39647623755384515
3,10,0.01,256,0.5,3.986164640635252,0.5515853400183603
4,10,0.01,256,0.5,3.8037753105163574,0.3155144410705458
