Fold,n_estimators,contamination,max_samples,max_features,Execution_Duration,AUC_ROC
0,2,0.01,256,0.5,4.313110031187534,0.3679471788715486
1,2,0.01,256,0.5,3.9748301431536674,0.759339029729539
2,2,0.01,256,0.5,3.9449751749634743,0.3291787303156556
3,2,0.01,256,0.5,3.8719948194921017,0.5640491490713933
4,2,0.01,256,0.5,3.8654063418507576,0.2639291010521856
