Model,Fold,batch_size,learning_rate,Execution_Duration,AUC_ROC
GANF,0,32,1e-06,1057.5519180484116,0.9905551698017928
GANF,1,32,1e-06,689.5430823266506,0.9583228127761646
GANF,2,32,1e-06,565.5919452793896,0.9185629970963262
GANF,3,32,1e-06,428.4358652830124,0.7596499810629971
GANF,4,32,1e-06,434.44702852889895,0.9806250789041786
