Model,Fold,batch_size,learning_rate,Execution_Duration,AUC_ROC
RANSynCoders,0,360,1e-06,16.92998494580388,0.856047216260573
RANSynCoders,1,360,1e-06,16.79576413333416,0.7805122459285444
RANSynCoders,2,360,1e-06,16.907643377780914,0.8285925072591844
RANSynCoders,3,360,1e-06,16.712584041059017,0.7638082312839288
RANSynCoders,4,360,1e-06,16.68714752048254,0.6354784749400328
