Model,Fold,batch_size,learning_rate,Execution_Duration,AUC_ROC
RANSynCoders,0,45,1e-06,17.88363963738084,0.7701324012119681
RANSynCoders,1,45,1e-06,16.80465381219983,0.6581358098724909
RANSynCoders,2,45,1e-06,16.76951103284955,0.6855865736649412
RANSynCoders,3,45,1e-06,17.00894381850958,0.9266191137482642
RANSynCoders,4,45,1e-06,16.888590455055237,0.8547768589824517
