Model,Fold,batch_size,learning_rate,Execution_Duration,AUC_ROC
RANSynCoders,0,90,0.001,17.346885442733765,0.7464848188360056
RANSynCoders,1,90,0.001,17.199936654418707,0.8195540335816184
RANSynCoders,2,90,0.001,17.087267093360424,0.7397976896856459
RANSynCoders,3,90,0.001,17.23588426783681,0.764360560535286
RANSynCoders,4,90,0.001,17.36533612012863,0.5095908029289231
