Model,Fold,batch_size,learning_rate,Execution_Duration,AUC_ROC
RANSynCoders,0,720,0.001,18.123029727488756,0.8076039957076125
RANSynCoders,1,720,0.001,16.929857701063156,0.8611483714177502
RANSynCoders,2,720,0.001,16.91552023217082,0.8231047216260573
RANSynCoders,3,720,0.001,16.97108829393983,0.8766767137987628
RANSynCoders,4,720,0.001,17.250649891793728,0.6569167403105669
