Model,Fold,batch_size,learning_rate,Execution_Duration,AUC_ROC
RANSynCoders,0,360,0.001,17.085900742560625,0.8799670180532762
RANSynCoders,1,360,0.001,17.554133154451847,0.7884223898497664
RANSynCoders,2,360,0.001,17.27572551742196,0.775288789294281
RANSynCoders,3,360,0.001,17.17356626316905,0.7816287400580734
RANSynCoders,4,360,0.001,18.744696032255888,0.8714572023734377
