Model,Fold,batch_size,learning_rate,Execution_Duration,AUC_ROC
RANSynCoders,0,90,1e-06,18.690292961895466,0.7849861128645372
RANSynCoders,1,90,1e-06,18.735534962266684,0.745419612422674
RANSynCoders,2,90,1e-06,19.090846609324217,0.5982435929806843
RANSynCoders,3,90,1e-06,19.097054414451122,0.7614726675924757
RANSynCoders,4,90,1e-06,18.805074878036976,0.7539609897740185
