Model,Fold,batch_size,learning_rate,Execution_Duration,AUC_ROC
RANSynCoders,0,180,1e-06,17.944572180509567,0.7583322812776165
RANSynCoders,1,180,1e-06,18.996787510812283,0.8177076757985102
RANSynCoders,2,180,1e-06,18.781845472753048,0.8822118419391491
RANSynCoders,3,180,1e-06,18.91090540215373,0.787077073601818
RANSynCoders,4,180,1e-06,18.757132455706596,0.7890930753692715
