Model,Fold,batch_size,learning_rate,Execution_Duration,AUC_ROC
RANSynCoders,0,720,1e-06,17.12557964399457,0.805260541598283
RANSynCoders,1,720,1e-06,16.93939734622836,0.7894678702184068
RANSynCoders,2,720,1e-06,16.8603468388319,0.7130018305769474
RANSynCoders,3,720,1e-06,16.812260776758194,0.3999968438328494
RANSynCoders,4,720,1e-06,17.012943141162395,0.46620139502588054
