Model,Fold,batch_size,learning_rate,Execution_Duration,AUC_ROC
RANSynCoders,0,45,0.001,18.24383657053113,0.7497869587173337
RANSynCoders,1,45,0.001,17.059139251708984,0.8270025880570634
RANSynCoders,2,45,0.001,17.894361473619938,0.8078288726170938
RANSynCoders,3,45,0.001,16.94007596746087,0.8135770420401465
RANSynCoders,4,45,0.001,16.868305291980505,0.7849269347304634
