Model,Fold,batch_size,learning_rate,Execution_Duration,AUC_ROC
RANSynCoders,0,180,0.001,20.504758190363646,0.896020073223078
RANSynCoders,1,180,0.001,21.15302548930049,0.8213412132306527
RANSynCoders,2,180,0.001,17.36739879846573,0.8228877351344528
RANSynCoders,3,180,0.001,17.26119140535593,0.8223038442115895
RANSynCoders,4,180,0.001,17.250441178679466,0.578600397677061
