Model,Fold,batch_size,learning_rate,Execution_Duration,AUC_ROC
RANSynCoders,0,45,1e-06,20.410066161304712,0.8141924946345158
RANSynCoders,1,45,1e-06,20.27552866563201,0.7127414467870219
RANSynCoders,2,45,1e-06,20.507560960948467,0.791018337331145
RANSynCoders,3,45,1e-06,20.419266678392887,0.7732727875268274
RANSynCoders,4,45,1e-06,20.577366460114717,0.894031687918192
