Model,Fold,batch_size,learning_rate,Execution_Duration,AUC_ROC
RANSynCoders,0,360,1e-06,18.372465044260025,0.6956330382903809
RANSynCoders,1,360,1e-06,18.538274575024843,0.7461734070125677
RANSynCoders,2,360,1e-06,18.53978180512786,0.7456354833977212
RANSynCoders,3,360,1e-06,18.640982184559107,0.806371949728593
RANSynCoders,4,360,1e-06,18.50759544968605,0.7083964986062887
