Model,Fold,batch_size,learning_rate,Execution_Duration,AUC_ROC
RANSynCoders,0,45,1e-06,18.050739359110594,0.6884444227101569
RANSynCoders,1,45,1e-06,17.828600969165564,0.6255318108464962
RANSynCoders,2,45,1e-06,17.983213622123003,0.7837302557582277
RANSynCoders,3,45,1e-06,18.164472110569477,0.7850017115751381
RANSynCoders,4,45,1e-06,18.023540910333395,0.6558266907917257
