Model,Fold,batch_size,learning_rate,Execution_Duration,AUC_ROC
RANSynCoders,0,180,0.001,18.43566994741559,0.5491711086116681
RANSynCoders,1,180,0.001,18.6421879529953,0.7725805662868599
RANSynCoders,2,180,0.001,18.5120216794312,0.5320553572301824
RANSynCoders,3,180,0.001,18.36882046237588,0.6877597926548975
RANSynCoders,4,180,0.001,18.49652026593685,0.8069832265636462
