Model,Fold,batch_size,learning_rate,Execution_Duration,AUC_ROC
RANSynCoders,0,90,0.001,19.008622232824564,0.7101080737444374
RANSynCoders,1,90,0.001,18.23585359379649,0.7066115702479339
RANSynCoders,2,90,0.001,18.25312977656722,0.726441390777055
RANSynCoders,3,90,0.001,18.34550167620182,0.6781016186610591
RANSynCoders,4,90,0.001,18.51220428571105,0.7463201134529807
