Model,Fold,batch_size,learning_rate,Execution_Duration,AUC_ROC
RANSynCoders,0,90,1e-06,18.025623064488173,0.770379969680669
RANSynCoders,1,90,1e-06,18.089275408536196,0.5266272189349112
RANSynCoders,2,90,1e-06,18.822873700410128,0.6188077656609126
RANSynCoders,3,90,1e-06,18.036357190459967,0.7262702332632403
RANSynCoders,4,90,1e-06,17.97211468964815,0.6865127879113893
