Model,Fold,batch_size,learning_rate,Execution_Duration,AUC_ROC
RANSynCoders,0,180,1e-06,18.383668053895235,0.7602327742187882
RANSynCoders,1,180,1e-06,18.477816380560398,0.6630153063719497
RANSynCoders,2,180,1e-06,18.51658585295081,0.813340505648198
RANSynCoders,3,180,1e-06,19.177343010902405,0.7299134432001564
RANSynCoders,4,180,1e-06,18.61762462183833,0.8135361142354149
