Model,Fold,batch_size,learning_rate,Execution_Duration,AUC_ROC
RANSynCoders,0,360,0.001,18.531746931374073,0.6969778473274977
RANSynCoders,1,360,0.001,18.32712223008275,0.6746295662379579
RANSynCoders,2,360,0.001,18.47880010306835,0.7137268326079516
RANSynCoders,3,360,0.001,18.60827176272869,0.7998435131302264
RANSynCoders,4,360,0.001,18.43428411334753,0.7375421781016186
