Model,Fold,batch_size,learning_rate,Execution_Duration,AUC_ROC
RANSynCoders,0,45,0.001,18.339911349117756,0.7742432392782044
RANSynCoders,1,45,0.001,18.37044020369649,0.7167832167832168
RANSynCoders,2,45,0.001,18.40490660443902,0.8139762335566533
RANSynCoders,3,45,0.001,18.36133224889636,0.7553914616851679
RANSynCoders,4,45,0.001,18.556059900671244,0.7118930021027923
