Model,Fold,batch_size,learning_rate,Execution_Duration,AUC_ROC
RANSynCoders,0,720,1e-06,18.78851478919387,0.6406181231356056
RANSynCoders,1,720,1e-06,18.504644826054573,0.6376839943273509
RANSynCoders,2,720,1e-06,18.49442969635129,0.4971392244119517
RANSynCoders,3,720,1e-06,18.450672086328268,0.7817986209594601
RANSynCoders,4,720,1e-06,18.355851117521524,0.689642525306861
