Model,Fold,batch_size,learning_rate,Execution_Duration,AUC_ROC
RANSynCoders,0,720,0.001,18.462609704583883,0.7082497921658761
RANSynCoders,1,720,0.001,18.316634211689234,0.7139468922685704
RANSynCoders,2,720,0.001,18.414919797331095,0.7328720230818132
RANSynCoders,3,720,0.001,18.885937184095383,0.811555577289843
RANSynCoders,4,720,0.001,18.32994071766734,0.6937258545650153
