Model,Fold,batch_size,learning_rate,Execution_Duration,AUC_ROC
RANSynCoders,0,360,0.001,14.32682066038251,0.5476066864273252
RANSynCoders,1,360,0.001,14.5495082475245,0.5430971512052593
RANSynCoders,2,360,0.001,14.44570978730917,0.5988083236240485
RANSynCoders,3,360,0.001,14.37870967015624,0.6240605134954029
RANSynCoders,4,360,0.001,14.479419253766537,0.5793062439254085
