Model,Fold,batch_size,learning_rate,Execution_Duration,AUC_ROC
RANSynCoders,0,90,0.001,13.331980932503939,0.5464777934065403
RANSynCoders,1,90,0.001,13.267894010990858,0.5461910425055387
RANSynCoders,2,90,0.001,13.284096948802471,0.5812229473163134
RANSynCoders,3,90,0.001,13.376311890780926,0.5413947563824713
RANSynCoders,4,90,0.001,13.334978677332401,0.4247988216047184
