Model,Fold,batch_size,learning_rate,Execution_Duration,AUC_ROC
RANSynCoders,0,720,0.001,14.301853854209185,0.5449474491243533
RANSynCoders,1,720,0.001,14.293373547494411,0.5489166852803217
RANSynCoders,2,720,0.001,14.384256288409233,0.49504373705847904
RANSynCoders,3,720,0.001,14.40201322734356,0.46567138950431336
RANSynCoders,4,720,0.001,14.45163619145751,0.5404530060549717
