Model,Fold,batch_size,learning_rate,Execution_Duration,AUC_ROC
RANSynCoders,0,45,0.001,13.275659069418907,0.5099638392021684
RANSynCoders,1,45,0.001,13.278673224151134,0.5285543528786772
RANSynCoders,2,45,0.001,13.364756762981415,0.5477908106900735
RANSynCoders,3,45,0.001,13.38228315114975,0.5287233849887413
RANSynCoders,4,45,0.001,13.303514871746302,0.5644887684199723
