Model,Fold,batch_size,learning_rate,Execution_Duration,AUC_ROC
RANSynCoders,0,180,0.001,14.493734508752823,0.5613586559532506
RANSynCoders,1,180,0.001,14.450431764125824,0.6627145349504072
RANSynCoders,2,180,0.001,14.906669449061155,0.5268670502085735
RANSynCoders,3,180,0.001,13.938034240156412,0.5803325103079402
RANSynCoders,4,180,0.001,13.375599790364504,0.5694601235141775
