Model,Fold,batch_size,learning_rate,Execution_Duration,AUC_ROC
GANF,0,64,0.001,90.58507915213704,0.4845939305398765
GANF,1,64,0.001,89.03850570321083,0.5256113831052405
GANF,2,64,0.001,175.8523590900004,0.5599007540039482
GANF,3,64,0.001,131.95123195275664,0.5251073052055852
GANF,4,64,0.001,89.7132117152214,0.39573737239584905
