Model,Fold,batch_size,learning_rate,Execution_Duration,AUC_ROC
GANF,0,256,0.001,115.81978275999427,0.5258830418535578
GANF,1,256,0.001,81.27270133048296,0.49410802359205314
GANF,2,256,0.001,43.862379632890224,0.4741561977434213
GANF,3,256,0.001,59.92815448343754,0.4602170855242108
GANF,4,256,0.001,76.59308666735888,0.5221824460153699
