Model,Fold,batch_size,learning_rate,Execution_Duration,AUC_ROC
GANF,0,128,0.001,108.16636274009943,0.5355631485852617
GANF,1,128,0.001,55.94996705651283,0.4331508189002046
GANF,2,128,0.001,54.97790037095547,0.44739781103417464
GANF,3,128,0.001,55.42225367203355,0.4903289485599068
GANF,4,128,0.001,108.13524736091495,0.46063061050776033
