Model,Fold,batch_size,learning_rate,Execution_Duration,AUC_ROC
GANF,0,512,0.001,26.740102261304855,0.44141226327958516
GANF,1,512,0.001,27.567883495241404,0.5209026314677421
GANF,2,512,0.001,26.472720853984356,0.5301088446051592
GANF,3,512,0.001,27.192905388772488,0.4864623390421916
GANF,4,512,0.001,46.622506607323885,0.5348809832839317
