Model,Fold,n_estimators,contamination,max_samples,max_features,Execution_Duration,AUC_ROC
Isolation_Forest,0,70,0.01,512,1.0,0.6473484821617603,0.9913836636788285
Isolation_Forest,1,70,0.01,512,1.0,0.6675285622477531,0.9901685393258427
Isolation_Forest,2,70,0.01,512,1.0,0.6388904675841331,0.9916361570508775
Isolation_Forest,3,70,0.01,512,1.0,0.652208611369133,0.9890875520767579
Isolation_Forest,4,70,0.01,512,1.0,0.6328257843852043,0.9917545133190254
