Model,Fold,n_estimators,contamination,max_samples,max_features,Execution_Duration,AUC_ROC
Isolation_Forest,0,40,0.01,512,1.0,0.6804403625428677,0.9897897992677693
Isolation_Forest,1,40,0.01,512,1.0,0.6555181331932545,0.9881959348567101
Isolation_Forest,2,40,0.01,512,1.0,0.63884711638093,0.9906498548163112
Isolation_Forest,3,40,0.01,512,1.0,0.6666976138949394,0.9890323191516222
Isolation_Forest,4,40,0.01,512,1.0,0.6439019292593002,0.9916756091402601
