Model,Fold,n_estimators,contamination,max_samples,max_features,Execution_Duration,AUC_ROC
Isolation_Forest,0,10,0.01,128,1.0,0.6507919877767563,0.9595497727559651
Isolation_Forest,1,10,0.01,128,1.0,0.6447532027959824,0.9641814480494887
Isolation_Forest,2,10,0.01,128,1.0,0.6419165842235088,0.9735671001136219
Isolation_Forest,3,10,0.01,128,1.0,0.6512065082788467,0.9748453478096198
Isolation_Forest,4,10,0.01,128,1.0,0.8504063822329044,0.9770152127256659
