Model,Fold,n_estimators,contamination,max_samples,max_features,Execution_Duration,AUC_ROC
Isolation_Forest,0,70,0.01,128,1.0,0.6724919527769089,0.9916045953793714
Isolation_Forest,1,70,0.01,128,1.0,0.6904287487268448,0.9875804822623406
Isolation_Forest,2,70,0.01,128,1.0,0.6494136080145836,0.9931826789546775
Isolation_Forest,3,70,0.01,128,1.0,0.6606893837451935,0.9897661280141397
Isolation_Forest,4,70,0.01,128,1.0,0.6562813445925713,0.9914073349324581
