Model,Fold,n_estimators,contamination,max_samples,max_features,Execution_Duration,AUC_ROC
Isolation_Forest,0,2,0.01,128,1.0,0.6764711812138557,0.9464556242898623
Isolation_Forest,1,2,0.01,128,1.0,0.6486564837396145,0.8614876593864411
Isolation_Forest,2,2,0.01,128,1.0,0.6408648528158665,0.8482475381896224
Isolation_Forest,3,2,0.01,128,1.0,0.6577996574342251,0.917908092412574
Isolation_Forest,4,2,0.01,128,1.0,0.6443956345319748,0.9503100934225477
