Model,Fold,n_estimators,contamination,max_samples,max_features,Execution_Duration,AUC_ROC
Isolation_Forest,0,100,0.01,128,1.0,0.651858028024435,0.9894741825527079
Isolation_Forest,1,100,0.01,128,1.0,0.6496063619852066,0.9882038252745866
Isolation_Forest,2,100,0.01,128,1.0,0.6591179817914963,0.9924409796742836
Isolation_Forest,3,100,0.01,128,1.0,0.6429260671138763,0.9915888145436182
Isolation_Forest,4,100,0.01,128,1.0,0.6746012568473816,0.9917781845726551
