Model,Fold,n_estimators,contamination,max_samples,max_features,Execution_Duration,AUC_ROC
Isolation_Forest,0,40,0.01,128,1.0,0.6684058830142021,0.9905946218911753
Isolation_Forest,1,40,0.01,128,1.0,0.6429974623024464,0.9867756596389347
Isolation_Forest,2,40,0.01,128,1.0,0.6404880844056606,0.9929144047468753
Isolation_Forest,3,40,0.01,128,1.0,0.6519211009144783,0.9902711147582375
Isolation_Forest,4,40,0.01,128,1.0,0.6373410560190678,0.9903263476833734
