Model,Fold,n_estimators,contamination,max_samples,max_features,Execution_Duration,AUC_ROC
Isolation_Forest,0,2,0.01,512,1.0,0.6434009745717049,0.9139115957581112
Isolation_Forest,1,2,0.01,512,1.0,0.651591133326292,0.8714493119555613
Isolation_Forest,2,2,0.01,512,1.0,0.6576429829001427,0.9387664120691831
Isolation_Forest,3,2,0.01,512,1.0,0.6559133566915989,0.8978624857972478
Isolation_Forest,4,2,0.01,512,1.0,0.6249997764825821,0.8452886314859235
