Model,Fold,n_estimators,contamination,max_samples,max_features,Execution_Duration,AUC_ROC
Isolation_Forest,0,100,0.01,512,1.0,0.6379633322358131,0.9915178007827294
Isolation_Forest,1,100,0.01,512,1.0,0.6765469498932362,0.9904604847872742
Isolation_Forest,2,100,0.01,512,1.0,0.6793703883886337,0.9916756091402601
Isolation_Forest,3,100,0.01,512,1.0,0.6796337440609932,0.9901211968185836
Isolation_Forest,4,100,0.01,512,1.0,0.6551004759967327,0.9916519378866305
