Model,Fold,n_estimators,contamination,max_samples,max_features,Execution_Duration,AUC_ROC
Isolation_Forest,0,10,0.01,512,1.0,0.6638642996549606,0.9772045827547028
Isolation_Forest,1,10,0.01,512,1.0,0.6628098748624325,0.9762892942810252
Isolation_Forest,2,10,0.01,512,1.0,0.8211581669747829,0.9880223456634263
Isolation_Forest,3,10,0.01,512,1.0,0.8174028545618057,0.9815285317510415
Isolation_Forest,4,10,0.01,512,1.0,0.6384640336036682,0.9681542734503218
