Model,Fold,batch_size,learning_rate,Execution_Duration,AUC_ROC
GANF,0,32,1e-06,547.4760970324278,0.7704533229008753
GANF,1,32,1e-06,526.3161416128278,0.695241821115947
