Model,Fold,n_estimators,contamination,max_samples,max_features,Execution_Duration,AUC_ROC
Isolation_Forest,0,40,0.01,512,1.0,1.016710102558136,0.42101546500953324
Isolation_Forest,1,40,0.01,512,1.0,0.9978510774672031,0.5947320104512392
Isolation_Forest,2,40,0.01,512,1.0,0.9882165752351284,0.4507450038839065
Isolation_Forest,3,40,0.01,512,1.0,0.9857602566480637,0.49488030506320174
Isolation_Forest,4,40,0.01,512,1.0,0.9995818212628365,0.4343619800861521
