Model,Fold,n_estimators,contamination,max_samples,max_features,Execution_Duration,AUC_ROC
Isolation_Forest,0,70,0.01,512,1.0,0.9980253987014294,0.3766683143845773
Isolation_Forest,1,70,0.01,512,1.0,1.020111970603466,0.5239742956005932
Isolation_Forest,2,70,0.01,512,1.0,1.0172127671539783,0.4724242638231764
Isolation_Forest,3,70,0.01,512,1.0,0.9853798449039459,0.3677706376668314
Isolation_Forest,4,70,0.01,512,1.0,0.9690719023346901,0.4424122590212556
