Model,Fold,n_estimators,contamination,max_samples,max_features,Execution_Duration,AUC_ROC
Isolation_Forest,0,10,0.01,128,1.0,1.0032136961817741,0.31155991808488104
Isolation_Forest,1,10,0.01,128,1.0,1.0033405423164368,0.4614434008897677
Isolation_Forest,2,10,0.01,128,1.0,0.9960967972874641,0.43595085092860675
Isolation_Forest,3,10,0.01,128,1.0,0.9812491908669472,0.21940540922251256
Isolation_Forest,4,10,0.01,128,1.0,1.0104242376983166,0.3089471082550667
