Model,Fold,n_estimators,contamination,max_samples,max_features,Execution_Duration,AUC_ROC
Isolation_Forest,0,2,0.01,128,1.0,0.9985199011862278,0.26968434432596566
Isolation_Forest,1,2,0.01,128,1.0,0.9887594319880009,0.33532236423981354
Isolation_Forest,2,2,0.01,128,1.0,1.002366028726101,0.4360920838923804
Isolation_Forest,3,2,0.01,128,1.0,1.030435360968113,0.19822046465645082
Isolation_Forest,4,2,0.01,128,1.0,0.9964653924107552,0.17166866746698678
