Model,Fold,n_estimators,contamination,max_samples,max_features,Execution_Duration,AUC_ROC
Isolation_Forest,0,40,0.01,128,1.0,1.455658931285143,0.5878822117082128
Isolation_Forest,1,40,0.01,128,1.0,0.9848560877144337,0.7200762658004379
Isolation_Forest,2,40,0.01,128,1.0,1.0006399527192116,0.6527081420803615
Isolation_Forest,3,40,0.01,128,1.0,0.979818619787693,0.5724878186568745
Isolation_Forest,4,40,0.01,128,1.0,0.9912108071148396,0.7225478426664784
