Model,Fold,n_estimators,contamination,max_samples,max_features,Execution_Duration,AUC_ROC
Isolation_Forest,0,70,0.01,128,1.0,1.0135988369584084,0.4374691052891745
Isolation_Forest,1,70,0.01,128,1.0,0.9803689867258072,0.6071605112633288
Isolation_Forest,2,70,0.01,128,1.0,0.9999929703772068,0.5216439516983264
Isolation_Forest,3,70,0.01,128,1.0,0.9865476079285145,0.4609137772756161
Isolation_Forest,4,70,0.01,128,1.0,0.9922175593674183,0.7025633782924935
