Model,Fold,n_estimators,contamination,max_samples,max_features,Execution_Duration,AUC_ROC
Isolation_Forest,0,10,0.01,512,1.0,1.003259364515543,0.2935527152037285
Isolation_Forest,1,10,0.01,512,1.0,0.9817041009664536,0.3993362050702634
Isolation_Forest,2,10,0.01,512,1.0,0.975426971912384,0.3280135583645223
Isolation_Forest,3,10,0.01,512,1.0,1.0012418292462826,0.3957347644940329
Isolation_Forest,4,10,0.01,512,1.0,0.9913523830473423,0.42412259021255555
