Model,Fold,n_estimators,contamination,max_samples,max_features,Execution_Duration,AUC_ROC
Isolation_Forest,0,100,0.01,128,1.0,0.9855738319456577,0.45286349834051265
Isolation_Forest,1,100,0.01,128,1.0,0.9851783402264118,0.5187486759409646
Isolation_Forest,2,100,0.01,128,1.0,1.0062651485204697,0.4835816679613022
Isolation_Forest,3,100,0.01,128,1.0,0.9887504167854786,0.4359155426876633
Isolation_Forest,4,100,0.01,128,1.0,0.9703833013772964,0.6020055080855872
