Model,Fold,n_estimators,contamination,max_samples,max_features,Execution_Duration,AUC_ROC
Isolation_Forest,0,100,0.01,512,1.0,1.0261898711323738,0.3882494174140244
Isolation_Forest,1,100,0.01,512,1.0,0.9952988922595978,0.513523056281336
Isolation_Forest,2,100,0.01,512,1.0,1.0123982205986977,0.489795918367347
Isolation_Forest,3,100,0.01,512,1.0,1.0024026967585087,0.44714356330767596
Isolation_Forest,4,100,0.01,512,1.0,0.9511679634451866,0.45130993573900147
