Model,Fold,n_estimators,contamination,max_samples,max_features,Execution_Duration,AUC_ROC
Isolation_Forest,0,2,0.01,512,1.0,0.9903945662081242,0.22957418261422216
Isolation_Forest,1,2,0.01,512,1.0,1.0006658621132374,0.3377586328649106
Isolation_Forest,2,2,0.01,512,1.0,0.9859444797039032,0.29436480474542753
Isolation_Forest,3,2,0.01,512,1.0,0.9740553721785545,0.5451945484075984
Isolation_Forest,4,2,0.01,512,1.0,0.9850225485861301,0.2054939622907987
