Fold,batch_size,learning_rate,Execution_Duration,AUC_ROC
0,512,1e-06,3.63647149130702,0.8644391140288122
1,512,1e-06,3.5450357273221016,0.8766149055253967
2,512,1e-06,3.5581131167709827,0.8586598212908023
3,512,1e-06,3.4908786229789257,0.8618019610318562
4,512,1e-06,3.511253282427788,0.8573833270209991
