Fold,batch_size,learning_rate,Execution_Duration,AUC_ROC
0,64,1e-06,3.569333866238594,0.8656454712508241
1,64,1e-06,3.5894252583384514,0.8576217929834897
2,64,1e-06,3.573166210204363,0.8401857229025516
3,64,1e-06,3.6605027951300144,0.8698957763469821
4,64,1e-06,3.6696902588009834,0.8561208601607541
