Fold,batch_size,learning_rate,Execution_Duration,AUC_ROC
0,256,0.001,3.5392506308853626,0.8543814613755278
1,256,0.001,3.490575347095728,0.8672866781691425
2,256,0.001,3.7877702191472054,0.8515479246447559
3,256,0.001,3.6899601444602013,0.8222586934870737
4,256,0.001,3.529672171920538,0.8592489724922497
