Fold,batch_size,learning_rate,Execution_Duration,AUC_ROC
0,256,1e-06,3.7551156654953957,0.8611426727826172
1,256,1e-06,3.69515822455287,0.8396246265202204
2,256,1e-06,3.7080088555812836,0.8392318590525887
3,256,1e-06,3.578890588134527,0.8569484773246924
4,256,1e-06,3.618810463696718,0.8430893966811148
