Fold,batch_size,learning_rate,Execution_Duration,AUC_ROC
0,128,1e-06,3.553320050239563,0.8335928404101615
1,128,1e-06,3.6022752299904823,0.8640603739707388
2,128,1e-06,3.509870056062937,0.8497383888117381
3,128,1e-06,3.6567400097846985,0.8633449760832667
4,128,1e-06,3.5827387496829033,0.8728695871733367
