Fold,batch_size,learning_rate,Execution_Duration,AUC_ROC
0,32,0.001,3.5257426723837852,0.8628399893391687
1,32,0.001,3.732679396867752,0.8594453562260657
2,32,0.001,3.5775149427354336,0.8467224957567087
3,32,0.001,3.5632132664322853,0.8076421327273492
4,32,0.001,3.978427428752184,0.8670482122066518
