Fold,batch_size,learning_rate,Execution_Duration,AUC_ROC
0,128,0.001,3.5718106888234615,0.8678618019610319
1,128,0.001,3.5966898798942566,0.8410413948856065
2,128,0.001,3.5684730000793934,0.866964047749302
3,128,0.001,3.9250372909009457,0.8711161609785522
4,128,0.001,3.54517849907279,0.866501143233879
