Fold,batch_size,learning_rate,Execution_Duration,AUC_ROC
0,64,0.001,3.556953489780426,0.8680441582852896
1,64,0.001,3.5204543359577656,0.8662065676331552
2,64,0.001,3.476914554834366,0.7024085062211561
3,64,0.001,3.575649004429579,0.733409081344948
4,64,0.001,3.915569443255663,0.8655753342030327
