Fold,batch_size,learning_rate,Execution_Duration,AUC_ROC
0,512,0.001,3.697902411222458,0.699055955336728
1,512,0.001,3.6184250973165035,0.8437907671590288
2,512,0.001,3.717479009181261,0.8668658558823942
3,512,0.001,3.554041415452957,0.8576919300312811
4,512,0.001,3.5624703243374825,0.8302963991639664
