Fold,batch_size,learning_rate,Execution_Duration,AUC_ROC
0,32,1e-06,3.600718293339014,0.8674269522647252
1,32,1e-06,3.653162609785795,0.8387829819467238
2,32,1e-06,3.6430466398596764,0.8517863906072466
3,32,1e-06,3.636990074068308,0.8481252367125363
4,32,1e-06,3.6773239374160767,0.8608621245914518
