Fold,n_estimators,contamination,max_samples,max_features,Execution_Duration,AUC_ROC
0,2,0.01,256,0.5,3.704089254140854,0.9523497664436309
1,2,0.01,256,0.5,3.61013600602746,0.9340755586415855
2,2,0.01,256,0.5,3.7120376117527485,0.5701655409670496
3,2,0.01,256,0.5,3.634377535432577,0.9240507827294533
4,2,0.01,256,0.5,3.615135669708252,0.7999029478601186
