Fold,n_estimators,contamination,max_samples,max_features,Execution_Duration,AUC_ROC
0,2,0.01,256,1.0,3.5873214825987816,0.9565553591718218
1,2,0.01,256,1.0,3.5046021565794945,0.9552139881328114
2,2,0.01,256,1.0,3.5960483960807323,0.7968375205150865
3,2,0.01,256,1.0,3.5741152726113796,0.46048478727433406
4,2,0.01,256,1.0,3.631726995110512,0.7287629402853174
