Fold,n_estimators,contamination,max_samples,max_features,Execution_Duration,AUC_ROC
0,40,0.01,256,1.0,3.5681018494069576,0.9886220174220427
1,40,0.01,256,1.0,3.6146198362112045,0.9901606489079663
2,40,0.01,256,1.0,3.5701414719223976,0.9912416361570509
3,40,0.01,256,1.0,3.6490401066839695,0.972154715313723
4,40,0.01,256,1.0,3.546587396413088,0.9853396035854058
