Fold,n_estimators,contamination,max_samples,max_features,Execution_Duration,AUC_ROC
0,100,0.01,256,1.0,3.564624425023794,0.9875489205908344
1,100,0.01,256,1.0,3.628753900527954,0.9908234440095949
2,100,0.01,256,1.0,3.619738832116127,0.9881170306779447
3,100,0.01,256,1.0,3.645469542592764,0.9836352733240753
4,100,0.01,256,1.0,3.6362882144749165,0.9894426208812019
