Fold,n_estimators,contamination,max_samples,max_features,Execution_Duration,AUC_ROC
0,100,0.01,256,0.5,3.8978254944086075,0.9905946218911754
1,100,0.01,256,0.5,3.768728297203779,0.9886930311829315
2,100,0.01,256,0.5,3.64224024862051,0.9870360434288599
3,100,0.01,256,0.5,3.5949579924345016,0.9894820729705845
4,100,0.01,256,0.5,3.624181941151619,0.9835011362201742
