Fold,n_estimators,contamination,max_samples,max_features,Execution_Duration,AUC_ROC
0,10,0.01,256,1.0,3.620183851569891,0.9589303749526575
1,10,0.01,256,1.0,3.5891367606818676,0.9607688423178892
2,10,0.01,256,1.0,3.5553888380527496,0.9759184446408282
3,10,0.01,256,1.0,3.5563020929694176,0.8909307536927156
4,10,0.01,256,1.0,3.530086748301983,0.9307931448049489
