Fold,n_estimators,contamination,max_samples,max_features,Execution_Duration,AUC_ROC
0,10,0.01,256,0.5,3.6129536256194115,0.981386504229264
1,10,0.01,256,0.5,3.692200180143118,0.9847636030804191
2,10,0.01,256,0.5,3.609140206128359,0.9227528089887642
3,10,0.01,256,0.5,3.643030695617199,0.9668957517990152
4,10,0.01,256,0.5,3.6609869934618473,0.9492725034717837
