Fold,n_estimators,contamination,max_samples,max_features,Execution_Duration,AUC_ROC
0,40,0.01,256,0.5,3.601151295006275,0.9934272819088499
1,40,0.01,256,0.5,3.5409350283443928,0.9909733619492489
2,40,0.01,256,0.5,3.6675620563328266,0.988700921600808
3,40,0.01,256,0.5,3.6483112946152687,0.9924015275849009
4,40,0.01,256,0.5,3.6621659994125366,0.9870912763539956
