Fold,n_estimators,contamination,max_samples,max_features,Execution_Duration,AUC_ROC
0,70,0.01,256,0.5,3.736634708940983,0.9921569246307284
1,70,0.01,256,0.5,3.7187268063426018,0.9905236081302866
2,70,0.01,256,0.5,3.6268567256629467,0.9859866178512815
3,70,0.01,256,0.5,3.5514181330800056,0.9892453604342886
4,70,0.01,256,0.5,3.601963333785534,0.9847241509910365
