Fold,n_estimators,contamination,max_samples,max_features,Execution_Duration,AUC_ROC
0,70,0.01,256,1.0,3.604968897998333,0.9886377982577957
1,70,0.01,256,1.0,3.713762801140547,0.9923620754955182
2,70,0.01,256,1.0,3.5447994023561478,0.9912889786643102
3,70,0.01,256,1.0,3.703243672847748,0.9880854690064386
4,70,0.01,256,1.0,3.6076766960322857,0.9894426208812018
