Model,Fold,n_estimators,contamination,max_samples,max_features,Execution_Duration,AUC_ROC
Isolation_Forest,0,2,0.01,512,1.0,0.38575616478919983,0.3976414095049785
Isolation_Forest,1,2,0.01,512,1.0,0.5799874365329742,0.5501023938987358
Isolation_Forest,2,2,0.01,512,1.0,0.4094671308994293,0.39449897606101264
Isolation_Forest,3,2,0.01,512,1.0,0.3314918912947178,0.5957912576795424
Isolation_Forest,4,2,0.01,512,1.0,0.33803801983594894,0.6140456182472989
