Model,Fold,n_estimators,contamination,max_samples,max_features,Execution_Duration,AUC_ROC
Isolation_Forest,0,40,0.01,128,1.0,0.38469597324728966,0.5099216157051056
Isolation_Forest,1,40,0.01,128,1.0,0.38004618138074875,0.6148577077889981
Isolation_Forest,2,40,0.01,128,1.0,0.4038485139608383,0.5342136854741897
Isolation_Forest,3,40,0.01,128,1.0,0.3837008997797966,0.5430407457100487
Isolation_Forest,4,40,0.01,128,1.0,0.38673700019717216,0.5869641974436834
