Model,Fold,n_estimators,contamination,max_samples,max_features,Execution_Duration,AUC_ROC
Isolation_Forest,0,10,0.01,512,1.0,0.3263089209794998,0.43965821622766754
Isolation_Forest,1,10,0.01,512,1.0,0.3500038646161556,0.5651437045406398
Isolation_Forest,2,10,0.01,512,1.0,0.3405028209090233,0.5023656521432103
Isolation_Forest,3,10,0.01,512,1.0,0.34254691004753113,0.5579408233881789
Isolation_Forest,4,10,0.01,512,1.0,0.33505281060934067,0.52404491208248
