Model,Fold,n_estimators,contamination,max_samples,max_features,Execution_Duration,AUC_ROC
Isolation_Forest,0,70,0.01,128,1.0,0.3717116676270962,0.5469952686957136
Isolation_Forest,1,70,0.01,128,1.0,0.3939206711947918,0.6311701151048654
Isolation_Forest,2,70,0.01,128,1.0,0.5463824979960918,0.5672621989972458
Isolation_Forest,3,70,0.01,128,1.0,0.3989301472902298,0.5961443400889768
Isolation_Forest,4,70,0.01,128,1.0,0.4074668064713478,0.6440223148082762
