Model,Fold,n_estimators,contamination,max_samples,max_features,Execution_Duration,AUC_ROC
Isolation_Forest,0,40,0.01,512,1.0,0.3446396738290787,0.6095614716474826
Isolation_Forest,1,40,0.01,512,1.0,0.35043390467762947,0.6371018995833627
Isolation_Forest,2,40,0.01,512,1.0,0.33988185599446297,0.5451592401666548
Isolation_Forest,3,40,0.01,512,1.0,0.44371223077178,0.567191582515359
Isolation_Forest,4,40,0.01,512,1.0,0.5592242144048214,0.6529199915260221
