Model,Fold,n_estimators,contamination,max_samples,max_features,Execution_Duration,AUC_ROC
Isolation_Forest,0,2,0.01,128,1.0,0.38988304138183594,0.5874938210578349
Isolation_Forest,1,2,0.01,128,1.0,0.3246142342686653,0.38821410917308097
Isolation_Forest,2,2,0.01,128,1.0,0.3372487351298332,0.3935809617964833
Isolation_Forest,3,2,0.01,128,1.0,0.32899831607937813,0.5743591554268765
Isolation_Forest,4,2,0.01,128,1.0,0.3347591757774353,0.6711037356118917
