Model,Fold,n_estimators,contamination,max_samples,max_features,Execution_Duration,AUC_ROC
Isolation_Forest,0,100,0.01,128,1.0,0.33122167363762856,0.5918367346938774
Isolation_Forest,1,100,0.01,128,1.0,0.3267212212085724,0.6640773956641479
Isolation_Forest,2,100,0.01,128,1.0,0.342797476798296,0.6357601864275122
Isolation_Forest,3,100,0.01,128,1.0,0.3447240777313709,0.6484711531671492
Isolation_Forest,4,100,0.01,128,1.0,0.37157901003956795,0.6506602641056423
