Model,Fold,n_estimators,contamination,max_samples,max_features,Execution_Duration,AUC_ROC
Isolation_Forest,0,100,0.01,512,1.0,0.3303854204714298,0.5897182402372714
Isolation_Forest,1,100,0.01,512,1.0,0.3500364273786545,0.7015747475460772
Isolation_Forest,2,100,0.01,512,1.0,0.33904392272233963,0.6274274415648613
Isolation_Forest,3,100,0.01,512,1.0,0.32962989062070847,0.6116799661040887
Isolation_Forest,4,100,0.01,512,1.0,0.3454684875905514,0.6345597062354353
