Model,Fold,n_estimators,contamination,max_samples,max_features,Execution_Duration,AUC_ROC
Isolation_Forest,0,10,0.01,128,1.0,0.4567808173596859,0.534001836028529
Isolation_Forest,1,10,0.01,128,1.0,0.37033047899603844,0.42023868370877765
Isolation_Forest,2,10,0.01,128,1.0,0.37316276878118515,0.5896476237553845
Isolation_Forest,3,10,0.01,128,1.0,0.38605325296521187,0.408940046606878
Isolation_Forest,4,10,0.01,128,1.0,0.380611814558506,0.5374620436409857
