Model,Fold,n_estimators,contamination,max_samples,max_features,Execution_Duration,AUC_ROC
Isolation_Forest,0,70,0.01,512,1.0,0.34370363503694534,0.5961443400889769
Isolation_Forest,1,70,0.01,512,1.0,0.33855072036385536,0.6575100628486689
Isolation_Forest,2,70,0.01,512,1.0,0.33804579824209213,0.5755243273780102
Isolation_Forest,3,70,0.01,512,1.0,0.33753126859664917,0.5922604335851988
Isolation_Forest,4,70,0.01,512,1.0,0.3329472318291664,0.6373137490290234
