Model,Fold,n_estimators,contamination,max_samples,max_features,Execution_Duration,AUC_ROC
Isolation_Forest,0,70,0.01,128,1.0,0.8211458921432495,0.8749572106215463
Isolation_Forest,1,70,0.01,128,1.0,0.6231427416205406,0.8657636070223483
Isolation_Forest,2,70,0.01,128,1.0,0.6894593052566051,0.8638564232969828
Isolation_Forest,3,70,0.01,128,1.0,0.6915660612285137,0.8617536309844003
Isolation_Forest,4,70,0.01,128,1.0,0.6053064465522766,0.8655679984351314
