Model,Fold,batch_size,learning_rate,Execution_Duration,AUC_ROC
GANF,0,128,1e-06,125.81663087010384,0.6045644706578368
GANF,1,128,1e-06,179.7754317484796,0.5143586740638337
GANF,2,128,1e-06,132.71558356285095,0.5829193052780276
GANF,3,128,1e-06,120.41788047552109,0.4483395613616744
GANF,4,128,1e-06,122.71043496578932,0.4484210589861696
