Model,Fold,n_estimators,contamination,max_samples,max_features,Execution_Duration,AUC_ROC
Isolation_Forest,0,100,0.01,512,1.0,0.6869434490799904,0.638584845702987
Isolation_Forest,1,100,0.01,512,1.0,0.4924037270247936,0.719511333945343
Isolation_Forest,2,100,0.01,512,1.0,0.43932531028985977,0.6976908410422993
Isolation_Forest,3,100,0.01,512,1.0,0.4256810285151005,0.6798954876068074
Isolation_Forest,4,100,0.01,512,1.0,0.40792781859636307,0.7072946825789139
