Model,Fold,batch_size,learning_rate,Execution_Duration,AUC_ROC
RANSynCoders,0,720,1e-06,17.240558546036482,0.5500485967316433
RANSynCoders,1,720,1e-06,17.28442321717739,0.47222440219983225
RANSynCoders,2,720,1e-06,17.388851236552,0.5835018623716411
RANSynCoders,3,720,1e-06,17.217015076428652,0.5541295148174755
RANSynCoders,4,720,1e-06,17.52521801739931,0.5460280472565484
