Model,Fold,batch_size,learning_rate,Execution_Duration,AUC_ROC
GANF,0,32,0.001,310.47277369350195,0.5366146458583434
GANF,1,32,0.001,469.97742461413145,0.38097591977967654
GANF,2,32,0.001,550.8497648350894,0.3662876915472071
GANF,3,32,0.001,509.968348775059,0.4922674952333875
GANF,4,32,0.001,258.73482877761126,0.4265235505967092
