Model,Fold,n_estimators,contamination,max_samples,max_features,Execution_Duration,AUC_ROC
Isolation_Forest,0,2,0.01,256,1.0,0.6394872777163982,0.9376104658502714
Isolation_Forest,1,2,0.01,256,1.0,0.6370864287018776,0.9040091213230652
Isolation_Forest,2,2,0.01,256,1.0,0.6401676312088966,0.9285443757101376
Isolation_Forest,3,2,0.01,256,1.0,0.6352314427495003,0.9292860749905315
Isolation_Forest,4,2,0.01,256,1.0,0.6531275510787964,0.8756706855195051
