Model,Fold,n_estimators,contamination,max_samples,max_features,Execution_Duration,AUC_ROC
Isolation_Forest,0,10,0.01,256,0.5,0.7167829163372517,0.9784512687791946
Isolation_Forest,1,10,0.01,256,0.5,0.7399127334356308,0.9701387135462693
Isolation_Forest,2,10,0.01,256,0.5,0.7152845673263073,0.9789957076126752
Isolation_Forest,3,10,0.01,256,0.5,0.7465145103633404,0.9785262277490215
Isolation_Forest,4,10,0.01,256,0.5,0.7070370651781559,0.9716891806590077
