Model,Fold,n_estimators,contamination,max_samples,max_features,Execution_Duration,AUC_ROC
Isolation_Forest,0,100,0.01,256,0.5,0.6317723020911217,0.9861207549551825
Isolation_Forest,1,100,0.01,256,0.5,0.6643220148980618,0.9884405378108825
Isolation_Forest,2,100,0.01,256,0.5,0.6395061314105988,0.9870439338467365
Isolation_Forest,3,100,0.01,256,0.5,0.659126240760088,0.9872333038757732
Isolation_Forest,4,100,0.01,256,0.5,0.6407571099698544,0.9826252998358793
