Model,Fold,n_estimators,contamination,max_samples,max_features,Execution_Duration,AUC_ROC
Isolation_Forest,0,70,0.01,256,0.5,0.6556522995233536,0.9874779068299457
Isolation_Forest,1,70,0.01,256,0.5,0.6585706174373627,0.9893873879560663
Isolation_Forest,2,70,0.01,256,0.5,0.642688412219286,0.9896162100744856
Isolation_Forest,3,70,0.01,256,0.5,0.658838052302599,0.9873911122333039
Isolation_Forest,4,70,0.01,256,0.5,0.6667937561869621,0.9836668349955814
