Model,Fold,n_estimators,contamination,max_samples,max_features,Execution_Duration,AUC_ROC
Isolation_Forest,0,40,0.01,256,1.0,0.7488020472228527,0.9826963135967681
Isolation_Forest,1,40,0.01,256,1.0,0.8478288762271404,0.980613243277364
Isolation_Forest,2,40,0.01,256,1.0,0.6559944003820419,0.986783550056811
Isolation_Forest,3,40,0.01,256,1.0,0.6652865931391716,0.9828383411185456
Isolation_Forest,4,40,0.01,256,1.0,0.645622156560421,0.982562176492867
