Model,Fold,n_estimators,contamination,max_samples,max_features,Execution_Duration,AUC_ROC
Isolation_Forest,0,70,0.01,256,1.0,0.6501483768224716,0.9832723141017548
Isolation_Forest,1,70,0.01,256,1.0,0.6367368847131729,0.9826174094180028
Isolation_Forest,2,70,0.01,256,1.0,0.6984682381153107,0.9865468375205152
Isolation_Forest,3,70,0.01,256,1.0,0.7136312834918499,0.9843059588435805
Isolation_Forest,4,70,0.01,256,1.0,0.7007443904876709,0.9839982325463956
