Model,Fold,n_estimators,contamination,max_samples,max_features,Execution_Duration,AUC_ROC
Isolation_Forest,0,100,0.01,256,1.0,0.7315562553703785,0.9824832723141017
Isolation_Forest,1,100,0.01,256,1.0,0.6964026652276516,0.984463767201111
Isolation_Forest,2,100,0.01,256,1.0,0.7595335729420185,0.9854342885999242
Isolation_Forest,3,100,0.01,256,1.0,0.7251524180173874,0.9839508900391364
Isolation_Forest,4,100,0.01,256,1.0,0.8991732746362686,0.9854737406893069
