Model,Fold,n_estimators,contamination,max_samples,max_features,Execution_Duration,AUC_ROC
Isolation_Forest,0,10,0.01,256,1.0,0.6315996684134007,0.9372711778815805
Isolation_Forest,1,10,0.01,256,1.0,0.640626136213541,0.9692510415351596
Isolation_Forest,2,10,0.01,256,1.0,0.6367995329201221,0.9719653452846861
Isolation_Forest,3,10,0.01,256,1.0,0.648399543017149,0.9715077010478476
Isolation_Forest,4,10,0.01,256,1.0,0.6771826595067978,0.9604453351849515
