Model,Fold,n_estimators,contamination,max_samples,max_features,Execution_Duration,AUC_ROC
Isolation_Forest,0,40,0.01,256,0.5,0.6706770993769169,0.9879907839919202
Isolation_Forest,1,40,0.01,256,0.5,0.6750810407102108,0.9897108950890039
Isolation_Forest,2,40,0.01,256,0.5,0.7545962855219841,0.9905393889660397
Isolation_Forest,3,40,0.01,256,0.5,0.7704355269670486,0.9898134705213988
Isolation_Forest,4,40,0.01,256,0.5,0.6491650640964508,0.9856157682110843
