Model,Fold,n_estimators,contamination,max_samples,max_features,Execution_Duration,AUC_ROC
Isolation_Forest,0,2,0.01,256,0.5,0.6432062573730946,0.8060061860876152
Isolation_Forest,1,2,0.01,256,0.5,0.6624646559357643,0.9460019252619619
Isolation_Forest,2,2,0.01,256,0.5,0.7079636305570602,0.9545985355384421
Isolation_Forest,3,2,0.01,256,0.5,0.7137811221182346,0.9672587110213356
Isolation_Forest,4,2,0.01,256,0.5,0.7149648703634739,0.9659410112359551
