Model,Fold,n_estimators,contamination,max_samples,max_features,Execution_Duration,AUC_ROC
Isolation_Forest,0,100,0.01,128,1.0,0.6597715802490711,0.5973474032442091
Isolation_Forest,1,100,0.01,128,1.0,0.6539449021220207,0.5837705026894215
Isolation_Forest,2,100,0.01,128,1.0,0.6610216274857521,0.6133571588117043
Isolation_Forest,3,100,0.01,128,1.0,0.7697902582585812,0.5880446003296127
Isolation_Forest,4,100,0.01,128,1.0,0.7616365924477577,0.5933027063248193
