Model,Fold,n_estimators,contamination,max_samples,max_features,Execution_Duration,AUC_ROC
Isolation_Forest,0,10,0.01,128,1.0,0.6642752513289452,0.5421131428502436
Isolation_Forest,1,10,0.01,128,1.0,0.6802042834460735,0.5879661211356543
Isolation_Forest,2,10,0.01,128,1.0,0.6528194583952427,0.5631817879975128
Isolation_Forest,3,10,0.01,128,1.0,0.6476236805319786,0.5784580649445514
Isolation_Forest,4,10,0.01,128,1.0,0.6632002219557762,0.5107425942806778
