Model,Fold,n_estimators,contamination,max_samples,max_features,Execution_Duration,AUC_ROC
Isolation_Forest,0,40,0.01,512,1.0,0.6669853068888187,0.5910268097000284
Isolation_Forest,1,40,0.01,512,1.0,0.6544331535696983,0.6159228247680336
Isolation_Forest,2,40,0.01,512,1.0,0.6637358479201794,0.5854970449565045
Isolation_Forest,3,40,0.01,512,1.0,0.6551091782748699,0.6122886344016565
Isolation_Forest,4,40,0.01,512,1.0,0.667272362858057,0.5953612759509566
