Model,Fold,n_estimators,contamination,max_samples,max_features,Execution_Duration,AUC_ROC
Isolation_Forest,0,2,0.01,128,1.0,0.8142159022390842,0.5177242241124306
Isolation_Forest,1,2,0.01,128,1.0,0.7340055033564568,0.5852736810967769
Isolation_Forest,2,2,0.01,128,1.0,0.6428021974861622,0.5586420684700784
Isolation_Forest,3,2,0.01,128,1.0,0.6351307854056358,0.5225778604156982
Isolation_Forest,4,2,0.01,128,1.0,0.6386203654110432,0.5115243677897241
