Model,Fold,n_estimators,contamination,max_samples,max_features,Execution_Duration,AUC_ROC
Isolation_Forest,0,2,0.01,512,1.0,0.6592556051909924,0.5604078503341404
Isolation_Forest,1,2,0.01,512,1.0,0.6375569403171539,0.5070480353035636
Isolation_Forest,2,2,0.01,512,1.0,0.6368287540972233,0.5224812706385189
Isolation_Forest,3,2,0.01,512,1.0,0.6700084395706654,0.5301480842021383
Isolation_Forest,4,2,0.01,512,1.0,0.6698216162621975,0.5720227710399701
