Model,Fold,n_estimators,contamination,max_samples,max_features,Execution_Duration,AUC_ROC
Isolation_Forest,0,70,0.01,512,1.0,0.6551425866782665,0.5899763958732018
Isolation_Forest,1,70,0.01,512,1.0,0.6744896546006203,0.6120049019311918
Isolation_Forest,2,70,0.01,512,1.0,0.6502117142081261,0.5854185657625461
Isolation_Forest,3,70,0.01,512,1.0,0.6633895374834538,0.6183194586142988
Isolation_Forest,4,70,0.01,512,1.0,0.6515530161559582,0.5940331665147389
