Model,Fold,n_estimators,contamination,max_samples,max_features,Execution_Duration,AUC_ROC
Isolation_Forest,0,100,0.01,512,1.0,0.6565708443522453,0.5891191616007341
Isolation_Forest,1,100,0.01,512,1.0,0.7440126352012157,0.6141600613345086
Isolation_Forest,2,100,0.01,512,1.0,0.8217902630567551,0.5883947382718882
Isolation_Forest,3,100,0.01,512,1.0,0.6424095034599304,0.6194724990793786
Isolation_Forest,4,100,0.01,512,1.0,0.6383102238178253,0.602816799376996
