Model,Fold,n_estimators,contamination,max_samples,max_features,Execution_Duration,AUC_ROC
Isolation_Forest,0,10,0.01,512,1.0,0.6603550091385841,0.5731094060332389
Isolation_Forest,1,10,0.01,512,1.0,0.6586273685097694,0.6031458083055135
Isolation_Forest,2,10,0.01,512,1.0,0.6312348209321499,0.5797076951868108
Isolation_Forest,3,10,0.01,512,1.0,0.6368023790419102,0.577446890714704
Isolation_Forest,4,10,0.01,512,1.0,0.7044909782707691,0.5979209050462122
