Model,Fold,n_estimators,contamination,max_samples,max_features,Execution_Duration,AUC_ROC
Isolation_Forest,0,70,0.01,128,1.0,0.644125510007143,0.5842111935478029
Isolation_Forest,1,70,0.01,128,1.0,0.645594161003828,0.5758923989882221
Isolation_Forest,2,70,0.01,128,1.0,0.6460679955780506,0.6106466081896057
Isolation_Forest,3,70,0.01,128,1.0,0.6685652919113636,0.5858109617323377
Isolation_Forest,4,70,0.01,128,1.0,0.6411467306315899,0.5878393470531063
