Model,Fold,n_estimators,contamination,max_samples,max_features,Execution_Duration,AUC_ROC
Isolation_Forest,0,40,0.01,128,1.0,0.6540778279304504,0.5846035895175944
Isolation_Forest,1,40,0.01,128,1.0,0.6458379402756691,0.5785425809995834
Isolation_Forest,2,40,0.01,128,1.0,0.6636082008481026,0.6056118660541265
Isolation_Forest,3,40,0.01,128,1.0,0.6541519947350025,0.5763994953184143
Isolation_Forest,4,40,0.01,128,1.0,0.6530438736081123,0.5766228591781417
