Model,Fold,n_estimators,contamination,max_samples,max_features,Execution_Duration,AUC_ROC
Isolation_Forest,0,10,0.01,128,1.0,0.9681264720857143,0.9431179775280898
Isolation_Forest,1,10,0.01,128,1.0,0.9899875558912754,0.9612817194798637
Isolation_Forest,2,10,0.01,128,1.0,0.9466822519898415,0.972123153642217
Isolation_Forest,3,10,0.01,128,1.0,0.971616767346859,0.8800735386946092
Isolation_Forest,4,10,0.01,128,1.0,0.952601708471775,0.9782382274965282
