Model,Fold,n_estimators,contamination,max_samples,max_features,Execution_Duration,AUC_ROC
Isolation_Forest,0,40,0.01,512,1.0,0.9241943396627903,0.9813549425577578
Isolation_Forest,1,40,0.01,512,1.0,0.9493184685707092,0.9450195682363337
Isolation_Forest,2,40,0.01,512,1.0,0.9576535448431969,0.9632858856205025
Isolation_Forest,3,40,0.01,512,1.0,0.9685758575797081,0.9557505365484156
Isolation_Forest,4,40,0.01,512,1.0,0.9297405146062374,0.9709711526322432
