Model,Fold,n_estimators,contamination,max_samples,max_features,Execution_Duration,AUC_ROC
Isolation_Forest,0,70,0.01,512,1.0,0.9275516495108604,0.9775596515591466
Isolation_Forest,1,70,0.01,512,1.0,0.933196909725666,0.9530362327988888
Isolation_Forest,2,70,0.01,512,1.0,0.9476066492497921,0.9718864411059209
Isolation_Forest,3,70,0.01,512,1.0,0.9708642736077309,0.9764471026385557
Isolation_Forest,4,70,0.01,512,1.0,0.9431104138493538,0.9738748264108068
