Model,Fold,n_estimators,contamination,max_samples,max_features,Execution_Duration,AUC_ROC
Isolation_Forest,0,100,0.01,128,1.0,1.3777581825852394,0.9744666077515465
Isolation_Forest,1,100,0.01,128,1.0,0.9408481121063232,0.9773781719479864
Isolation_Forest,2,100,0.01,128,1.0,0.9389946833252907,0.9764944451458148
Isolation_Forest,3,100,0.01,128,1.0,0.9572600424289703,0.9616920212094433
Isolation_Forest,4,100,0.01,128,1.0,0.9168705120682716,0.9781908849892691
