Model,Fold,n_estimators,contamination,max_samples,max_features,Execution_Duration,AUC_ROC
Isolation_Forest,0,10,0.01,512,1.0,0.9686406254768372,0.9771256785759374
Isolation_Forest,1,10,0.01,512,1.0,0.9259580783545971,0.9098125236712535
Isolation_Forest,2,10,0.01,512,1.0,0.9814084134995937,0.8860150233556368
Isolation_Forest,3,10,0.01,512,1.0,0.9602274559438229,0.851762719353617
Isolation_Forest,4,10,0.01,512,1.0,0.9455128833651543,0.9571392500946851
