Model,Fold,n_estimators,contamination,max_samples,max_features,Execution_Duration,AUC_ROC
Isolation_Forest,0,2,0.01,128,1.0,0.9332903139293194,0.9290967049614948
Isolation_Forest,1,2,0.01,128,1.0,0.9413638859987259,0.9069838088625173
Isolation_Forest,2,2,0.01,128,1.0,0.9332490600645542,0.8075724340361066
Isolation_Forest,3,2,0.01,128,1.0,0.9187964908778667,0.8863543113243278
Isolation_Forest,4,2,0.01,128,1.0,0.9630828350782394,0.8223156798384043
