Model,Fold,n_estimators,contamination,max_samples,max_features,Execution_Duration,AUC_ROC
Isolation_Forest,0,2,0.01,512,1.0,0.947926077991724,0.8693228443378361
Isolation_Forest,1,2,0.01,512,1.0,0.958335354924202,0.8732877793207928
Isolation_Forest,2,2,0.01,512,1.0,0.9364507235586643,0.5932607940916551
Isolation_Forest,3,2,0.01,512,1.0,0.9253724068403244,0.7412258553212978
Isolation_Forest,4,2,0.01,512,1.0,0.9224153608083725,0.765208780457013
