Model,Fold,n_estimators,contamination,max_samples,max_features,Execution_Duration,AUC_ROC
Isolation_Forest,0,40,0.01,128,1.0,0.9676401242613792,0.969061671506123
Isolation_Forest,1,40,0.01,128,1.0,0.9600586704909801,0.979453351849514
Isolation_Forest,2,40,0.01,128,1.0,1.0014912337064743,0.9624179396540842
Isolation_Forest,3,40,0.01,128,1.0,0.9840324744582176,0.9713498926903168
Isolation_Forest,4,40,0.01,128,1.0,0.9997142776846886,0.9869808105037243
