Model,Fold,n_estimators,contamination,max_samples,max_features,Execution_Duration,AUC_ROC
Isolation_Forest,0,70,0.01,128,1.0,0.965076394379139,0.9732120313091781
Isolation_Forest,1,70,0.01,128,1.0,0.9560913927853107,0.9773308294407271
Isolation_Forest,2,70,0.01,128,1.0,0.9563338868319988,0.9767153768463578
Isolation_Forest,3,70,0.01,128,1.0,0.9382159262895584,0.9682173967933342
Isolation_Forest,4,70,0.01,128,1.0,1.125739447772503,0.9831776290872365
