Model,Fold,n_estimators,contamination,max_samples,max_features,Execution_Duration,AUC_ROC
Isolation_Forest,0,100,0.01,512,1.0,0.9508977234363556,0.9809130791566723
Isolation_Forest,1,100,0.01,512,1.0,0.9374819584190845,0.9670180532761016
Isolation_Forest,2,100,0.01,512,1.0,0.9558743126690388,0.9776858982451712
Isolation_Forest,3,100,0.01,512,1.0,0.956456582993269,0.9787668854942558
Isolation_Forest,4,100,0.01,512,1.0,0.964890867471695,0.9775044186340108
