Model,Fold,n_estimators,contamination,max_samples,max_features,Execution_Duration,AUC_ROC
Isolation_Forest,0,10,0.01,128,1.0,0.876927375793457,0.9503298194672389
Isolation_Forest,1,10,0.01,128,1.0,0.8088795430958271,0.9722494003282414
Isolation_Forest,2,10,0.01,128,1.0,0.930427398532629,0.9539633568993815
Isolation_Forest,3,10,0.01,128,1.0,0.8572943061590195,0.9635857214998107
Isolation_Forest,4,10,0.01,128,1.0,0.8125185035169125,0.9728569625047343
