Fold,batch_size,learning_rate,Execution_Duration,AUC_ROC
0,64,1e-06,3.261450633406639,0.6393277351508311
1,64,1e-06,3.3938217908143997,0.6358746506166654
2,64,1e-06,3.408553369343281,0.6399978267300135
3,64,1e-06,3.1824012771248817,0.6222011602846984
4,64,1e-06,3.1999868638813496,0.6158745298794439
