Fold,batch_size,learning_rate,Execution_Duration,AUC_ROC
0,256,1e-06,3.6518597081303596,0.6067226484916903
1,256,1e-06,3.1740591898560524,0.6300551165416031
2,256,1e-06,3.2398699671030045,0.5947213686771426
3,256,1e-06,3.2409189827740192,0.635989350977066
4,256,1e-06,3.2190262600779533,0.6288356706047125
