Fold,batch_size,learning_rate,Execution_Duration,AUC_ROC
0,512,0.001,3.0937317423522472,0.6399314212582027
1,512,0.001,3.4289848431944847,0.6231248000289769
2,512,0.001,3.1121593452990055,0.6222373814511406
3,512,0.001,3.0900366716086864,0.6436199433742431
4,512,0.001,3.108101062476635,0.6189714396102602
