Fold,batch_size,learning_rate,Execution_Duration,AUC_ROC
0,32,1e-06,3.195454891771078,0.6168706119566071
1,32,1e-06,3.1687618270516396,0.6154942076317997
2,32,1e-06,3.507795326411724,0.6286243804671323
3,32,1e-06,3.310111366212368,0.6290892187698084
4,32,1e-06,3.266274493187666,0.6403540015333629
