Fold,batch_size,learning_rate,Execution_Duration,AUC_ROC
0,512,1e-06,3.245969347655773,0.6529951886217242
1,512,1e-06,3.2562049105763435,0.5824967250028674
2,512,1e-06,3.1642298474907875,0.5964720583885204
3,512,1e-06,3.194809053093195,0.5834505490525147
4,512,1e-06,3.2207544073462486,0.6312926730617148
