Fold,batch_size,learning_rate,Execution_Duration,AUC_ROC
0,256,0.001,3.0722172744572163,0.6309123508140706
1,256,0.001,3.280080296099186,0.578319217139856
2,256,0.001,3.3422615714371204,0.6005107184468363
3,256,0.001,3.0972860790789127,0.5899643221510543
4,256,0.001,3.0603161081671715,0.6316307372818429
