Fold,batch_size,learning_rate,Execution_Duration,AUC_ROC
0,64,0.001,3.1523396521806717,0.6387059384602383
1,64,0.001,3.227053564041853,0.6422133547440672
2,64,0.001,3.1964091025292873,0.5993637148428304
3,64,0.001,3.498879361897707,0.6089925082554075
4,64,0.001,3.3323696218430996,0.6066864273252479
