Fold,batch_size,learning_rate,Execution_Duration,AUC_ROC
0,128,1e-06,3.1641671285033226,0.6406316971427537
1,128,1e-06,3.6684590838849545,0.6106043501620897
2,128,1e-06,3.2007750868797302,0.6477370826265176
3,128,1e-06,3.2457975074648857,0.5975345459374943
4,128,1e-06,3.1705242432653904,0.6389775972085554
