Fold,batch_size,learning_rate,Execution_Duration,AUC_ROC
0,128,0.001,3.069402050226927,0.5846639581283316
1,128,0.001,3.2533795312047005,0.643281879154115
2,128,0.001,3.372047297656536,0.6188507023887859
3,128,0.001,3.3465587310492992,0.6451533060869671
4,128,0.001,3.2508195899426937,0.627205718114809
