Fold,batch_size,learning_rate,Execution_Duration,AUC_ROC
0,32,0.001,3.1404200047254562,0.582315619170656
1,32,0.001,3.1498034074902534,0.5924756563577203
2,32,0.001,3.2294675074517727,0.6463546414406366
3,32,0.001,3.1517369709908962,0.5801846072116343
4,32,0.001,3.5992347709834576,0.6364179681132999
