Fold,batch_size,learning_rate,Execution_Duration,AUC_ROC
0,512,0.001,3.9415840469300747,0.6914211508806103
1,512,0.001,3.483551610261202,0.6544111679246815
2,512,0.001,3.4765209071338177,0.6485674864053242
3,512,0.001,3.5028072223067284,0.7200714227741255
4,512,0.001,3.561866197735071,0.6493791088385683
