Fold,batch_size,learning_rate,Execution_Duration,AUC_ROC
0,128,0.001,3.4638882502913475,0.7117928739550361
1,128,0.001,3.7385431341826916,0.6806265725184645
2,128,0.001,3.490152470767498,0.7031896761626492
3,128,0.001,3.4916688203811646,0.6180504829153477
4,128,0.001,3.5640083849430084,0.6412628845061278
