Fold,batch_size,learning_rate,Execution_Duration,AUC_ROC
0,256,1e-06,3.646091468632221,0.6658550442334226
1,256,1e-06,3.4535248912870884,0.6457268078889701
2,256,1e-06,3.4013372845947742,0.6729973216459704
3,256,1e-06,3.42527749016881,0.6540053567080595
4,256,1e-06,3.67916826531291,0.6856586316045776
