Fold,batch_size,learning_rate,Execution_Duration,AUC_ROC
0,128,1e-06,3.558470156043768,0.6218651083515948
1,128,1e-06,3.4503149800002575,0.6502718935151368
2,128,1e-06,3.4871581085026264,0.6781105429754078
3,128,1e-06,3.5362016074359417,0.6502718935151368
4,128,1e-06,3.9704132452607155,0.6428049671292915
