Fold,batch_size,learning_rate,Execution_Duration,AUC_ROC
0,32,1e-06,3.614993382245302,0.6559532505478451
1,32,1e-06,3.4205116741359234,0.6862267673078485
2,32,1e-06,3.452409192919731,0.7012417823228634
3,32,1e-06,3.494104038923979,0.6441847252658064
4,32,1e-06,3.461354050785303,0.6689392094797499
