Fold,batch_size,learning_rate,Execution_Duration,AUC_ROC
0,512,1e-06,3.788358997553587,0.7022968914860807
1,512,1e-06,3.548464223742485,0.674539404269134
2,512,1e-06,3.412958540022373,0.6658550442334226
3,512,1e-06,3.4812060967087746,0.689148608067527
4,512,1e-06,3.7105837389826775,0.6411005600194789
