Fold,batch_size,learning_rate,Execution_Duration,AUC_ROC
0,64,1e-06,3.6049879901111126,0.6833860887914942
1,64,1e-06,3.435088064521551,0.6893920947975002
2,64,1e-06,3.4518184512853622,0.6983199415631848
3,64,1e-06,3.437689121812582,0.6601736872007142
4,64,1e-06,3.8936803452670574,0.6747017287557827
