Fold,batch_size,learning_rate,Execution_Duration,AUC_ROC
0,256,0.001,3.8056931607425213,0.6437789140491843
1,256,0.001,3.6299788169562817,0.6938560181803426
2,256,0.001,3.5695726238191128,0.663339014690366
3,256,0.001,3.5129229836165905,0.6768119470822174
4,256,0.001,3.494332544505596,0.6193490788085383
