Fold,batch_size,learning_rate,Execution_Duration,AUC_ROC
0,32,0.001,3.5217497684061527,0.6709682655628602
1,32,0.001,3.466617990285158,0.6928009090171252
2,32,0.001,3.519497826695442,0.7000243486729973
3,32,0.001,3.397668097168207,0.6769742715688661
4,32,0.001,3.512209467589855,0.6400454508562616
