Fold,batch_size,learning_rate,Execution_Duration,AUC_ROC
0,64,0.001,3.5504218079149723,0.6496225955685415
1,64,0.001,3.4556340537965298,0.6713740767794822
2,64,0.001,3.814979422837496,0.6958850742634527
3,64,0.001,3.4190650172531605,0.6256797337878419
4,64,0.001,3.4861624129116535,0.6818440061683305
