Model,Fold,batch_size,learning_rate,Execution_Duration,AUC_ROC
GANF,0,32,1e-06,559.2269108518958,0.7405252090566776
GANF,1,32,1e-06,687.4269959405065,0.7646828695779746
