Model,Fold,batch_size,learning_rate,Execution_Duration,AUC_ROC
RANSynCoders,0,90,0.001,14.022643633186817,0.38344749664571715
RANSynCoders,1,90,0.001,14.54416722804308,0.35106983970058614
RANSynCoders,2,90,0.001,14.764268729835749,0.49032554198149847
RANSynCoders,3,90,0.001,14.779377769678831,0.5273638867311631
RANSynCoders,4,90,0.001,14.798161894083023,0.4158251535908481
