Model,Fold,n_estimators,contamination,max_samples,max_features,Execution_Duration,AUC_ROC
Isolation_Forest,0,2,0.01,512,1.0,1.124151572585106,0.522010395474769
Isolation_Forest,1,2,0.01,512,1.0,1.1268563866615295,0.5107969260303413
Isolation_Forest,2,2,0.01,512,1.0,1.1168295107781887,0.5524150462725401
Isolation_Forest,3,2,0.01,512,1.0,1.1227634772658348,0.505849718380431
Isolation_Forest,4,2,0.01,512,1.0,1.1119439452886581,0.5192998448526703
