Model,Fold,n_estimators,contamination,max_samples,max_features,Execution_Duration,AUC_ROC
Isolation_Forest,0,40,0.01,512,1.0,1.1399506703019142,0.5685213916172147
Isolation_Forest,1,40,0.01,512,1.0,1.129467912018299,0.5765624905674045
Isolation_Forest,2,40,0.01,512,1.0,1.1230620108544827,0.5775706463667152
Isolation_Forest,3,40,0.01,512,1.0,1.1161272190511227,0.5929827526879123
Isolation_Forest,4,40,0.01,512,1.0,1.1017077080905437,0.5935622913509891
