Model,Fold,n_estimators,contamination,max_samples,max_features,Execution_Duration,AUC_ROC
Isolation_Forest,0,100,0.01,128,1.0,1.1153638437390327,0.6031729741803451
Isolation_Forest,1,100,0.01,128,1.0,1.1471180096268654,0.5831788903041975
Isolation_Forest,2,100,0.01,128,1.0,1.1434959806501865,0.5989773557341125
Isolation_Forest,3,100,0.01,128,1.0,1.1287407763302326,0.5791885251344712
Isolation_Forest,4,100,0.01,128,1.0,1.1105691157281399,0.603348043151483
