Model,Fold,n_estimators,contamination,max_samples,max_features,Execution_Duration,AUC_ROC
Isolation_Forest,0,70,0.01,512,1.0,1.150510236620903,0.5728377472849218
Isolation_Forest,1,70,0.01,512,1.0,1.1812163516879082,0.5875314671383467
Isolation_Forest,2,70,0.01,512,1.0,1.1060932576656342,0.5811384312612814
Isolation_Forest,3,70,0.01,512,1.0,1.1151345446705818,0.592203997609403
Isolation_Forest,4,70,0.01,512,1.0,1.1143284402787685,0.5974258824381675
