Model,Fold,n_estimators,contamination,max_samples,max_features,Execution_Duration,AUC_ROC
Isolation_Forest,0,100,0.01,512,1.0,1.1432955749332905,0.5862818368960876
Isolation_Forest,1,100,0.01,512,1.0,1.1207086332142353,0.5953612759509566
Isolation_Forest,2,100,0.01,512,1.0,1.1344876550137997,0.5918116016396114
Isolation_Forest,3,100,0.01,512,1.0,1.1506875269114971,0.5970214127462284
Isolation_Forest,4,100,0.01,512,1.0,1.1630403138697147,0.6120411230976341
