Model,Fold,n_estimators,contamination,max_samples,max_features,Execution_Duration,AUC_ROC
Isolation_Forest,0,10,0.01,512,1.0,1.1401369869709015,0.5572898115895658
Isolation_Forest,1,10,0.01,512,1.0,1.1061476208269596,0.5321191193427066
Isolation_Forest,2,10,0.01,512,1.0,1.1262982338666916,0.5618838628666638
Isolation_Forest,3,10,0.01,512,1.0,1.1209243275225163,0.5473138986652499
Isolation_Forest,4,10,0.01,512,1.0,1.1283824369311333,0.549143067570586
