Model,Fold,n_estimators,contamination,max_samples,max_features,Execution_Duration,AUC_ROC
Isolation_Forest,0,40,0.01,128,1.0,1.1200276277959347,0.5727351206466685
Isolation_Forest,1,40,0.01,128,1.0,1.1353813968598843,0.5708395462695217
Isolation_Forest,2,40,0.01,128,1.0,1.14321631193161,0.5798103218250639
Isolation_Forest,3,40,0.01,128,1.0,1.1106796339154243,0.5482194278263074
Isolation_Forest,4,40,0.01,128,1.0,1.1489783897995949,0.5827140520015213
