Model,Fold,n_estimators,contamination,max_samples,max_features,Execution_Duration,AUC_ROC
Isolation_Forest,0,2,0.01,128,1.0,1.144041121006012,0.548249612131676
Isolation_Forest,1,2,0.01,128,1.0,1.1476172842085361,0.5447361589867732
Isolation_Forest,2,2,0.01,128,1.0,1.146869134157896,0.5244643795012345
Isolation_Forest,3,2,0.01,128,1.0,1.124214019626379,0.5109055895296681
Isolation_Forest,4,2,0.01,128,1.0,1.1206628493964672,0.5500214308568117
