Model,Fold,n_estimators,contamination,max_samples,max_features,Execution_Duration,AUC_ROC
Isolation_Forest,0,70,0.01,128,1.0,1.5671419613063335,0.5870968131410392
Isolation_Forest,1,70,0.01,128,1.0,1.203182477504015,0.5801242386008971
Isolation_Forest,2,70,0.01,128,1.0,1.1067306138575077,0.5893244148772404
Isolation_Forest,3,70,0.01,128,1.0,1.1108464449644089,0.5735078388641043
Isolation_Forest,4,70,0.01,128,1.0,1.1141545213758945,0.5947213686771426
