Model,Fold,n_estimators,contamination,max_samples,max_features,Execution_Duration,AUC_ROC
Isolation_Forest,0,10,0.01,128,1.0,1.131684672087431,0.5457926096746736
Isolation_Forest,1,10,0.01,128,1.0,1.1541366577148438,0.5444343159330874
Isolation_Forest,2,10,0.01,128,1.0,1.1328705623745918,0.5889440926295963
Isolation_Forest,3,10,0.01,128,1.0,1.1013693884015083,0.542209732627423
Isolation_Forest,4,10,0.01,128,1.0,1.1148138344287872,0.5770575131754492
