Fold,batch_size,learning_rate,Execution_Duration,AUC_ROC
0,32,0.001,2.2732354179024696,0.6150694444444443
1,32,0.001,2.2885869815945625,0.633263888888889
2,32,0.001,2.324400421231985,0.6085416666666666
3,32,0.001,2.3545766063034534,0.6081249999999999
4,32,0.001,2.3349186964333057,0.6060416666666667
