Fold,batch_size,learning_rate,Execution_Duration,AUC_ROC
0,32,1e-06,2.388312980532646,0.5978472222222223
1,32,1e-06,2.3611691780388355,0.5921527777777776
2,32,1e-06,2.3291032537817955,0.6132638888888889
3,32,1e-06,2.5096179135143757,0.6013194444444444
4,32,1e-06,2.3910849653184414,0.6011805555555555
