Fold,batch_size,learning_rate,Execution_Duration,AUC_ROC
0,256,1e-06,2.2667528614401817,0.6096527777777778
1,256,1e-06,2.3267960883677006,0.5939583333333334
2,256,1e-06,2.2733068987727165,0.5971527777777778
3,256,1e-06,2.313007090240717,0.579375
4,256,1e-06,2.2914955131709576,0.611111111111111
