Fold,batch_size,learning_rate,Execution_Duration,AUC_ROC
0,64,1e-06,2.315852764993906,0.6020833333333331
1,64,1e-06,2.514256414026022,0.6134027777777776
2,64,1e-06,2.501051675528288,0.6127777777777779
3,64,1e-06,2.322340711951256,0.5833333333333334
4,64,1e-06,2.3065850138664246,0.5895138888888889
