Fold,batch_size,learning_rate,Execution_Duration,AUC_ROC
0,512,1e-06,2.470016747713089,0.6157638888888889
1,512,1e-06,2.3386860750615597,0.6004166666666666
2,512,1e-06,2.303239494562149,0.6165972222222221
3,512,1e-06,2.288737718015909,0.6040277777777779
4,512,1e-06,2.443506110459566,0.5942361111111112
