Fold,batch_size,learning_rate,Execution_Duration,AUC_ROC
0,256,0.001,2.3039242774248123,0.5920833333333334
1,256,0.001,2.4363898672163486,0.6156944444444444
2,256,0.001,2.3125569745898247,0.6077777777777778
3,256,0.001,2.3209251686930656,0.6002083333333332
4,256,0.001,2.3375605195760727,0.6072222222222222
