Fold,batch_size,learning_rate,Execution_Duration,AUC_ROC
0,64,0.001,2.297539059072733,0.6072916666666667
1,64,0.001,2.3355955332517624,0.5902777777777778
2,64,0.001,2.3761220686137676,0.593888888888889
3,64,0.001,2.3201745077967644,0.5859722222222221
4,64,0.001,2.588055659085512,0.5959027777777778
