Fold,batch_size,learning_rate,Execution_Duration,AUC_ROC
0,512,0.001,2.975080084055662,0.5939583333333333
1,512,0.001,2.2913847528398037,0.5965277777777778
2,512,0.001,2.2805305309593678,0.5946527777777778
3,512,0.001,2.308507237583399,0.626736111111111
4,512,0.001,2.3029684387147427,0.5872916666666665
