Fold,batch_size,learning_rate,Execution_Duration,AUC_ROC
0,128,0.001,2.3351778872311115,0.59375
1,128,0.001,2.323892790824175,0.59625
2,128,0.001,2.294580802321434,0.5961805555555555
3,128,0.001,2.574159674346447,0.6043749999999999
4,128,0.001,2.3086923621594906,0.6056249999999999
