Fold,batch_size,learning_rate,Execution_Duration,AUC_ROC
0,128,1e-06,2.2520906068384647,0.5927083333333333
1,128,1e-06,2.29775121062994,0.6079861111111111
2,128,1e-06,2.344642896205187,0.5939583333333334
3,128,1e-06,2.3838835395872593,0.5945138888888889
4,128,1e-06,2.483832534402609,0.6194444444444444
