Fold,batch_size,learning_rate,Execution_Duration,AUC_ROC
0,360,1e-06,2.216258727014065,0.611111111111111
1,360,1e-06,2.5735098272562027,0.6170138888888889
2,360,1e-06,2.169772632420063,0.6393055555555556
3,360,1e-06,2.2882701754570007,0.6160416666666667
4,360,1e-06,2.2490544840693474,0.6023611111111111
