Fold,batch_size,learning_rate,Execution_Duration,AUC_ROC
0,90,1e-06,2.2275883555412292,0.6215972222222222
1,90,1e-06,2.1989603377878666,0.6131249999999999
2,90,1e-06,2.179882273077965,0.6056944444444444
3,90,1e-06,2.271535899490118,0.610138888888889
4,90,1e-06,2.8078833669424057,0.6197916666666667
