Fold,batch_size,learning_rate,Execution_Duration,AUC_ROC
0,90,0.001,2.2174272052943707,0.6206944444444445
1,90,0.001,2.1667608357965946,0.6115277777777778
2,90,0.001,2.270483836531639,0.610625
3,90,0.001,2.2341348566114902,0.630625
4,90,0.001,2.252826850861311,0.6112500000000001
