Fold,batch_size,learning_rate,Execution_Duration,AUC_ROC
0,360,0.001,2.234700445085764,0.6199999999999999
1,360,0.001,2.1749813556671143,0.6225694444444445
2,360,0.001,2.4672504030168056,0.6352777777777777
3,360,0.001,2.333118587732315,0.6344444444444444
4,360,0.001,2.2003582268953323,0.6330555555555556
