Model,Fold,batch_size,learning_rate,Execution_Duration,AUC_ROC
RANSynCoders,0,128,1e-06,41.12459745258093,0.4356683850010593
RANSynCoders,1,128,1e-06,41.30688652768731,0.42496998799519803
RANSynCoders,2,128,1e-06,41.24269777163863,0.4138125838570722
RANSynCoders,3,128,1e-06,41.122707299888134,0.42249841112915754
RANSynCoders,4,128,1e-06,47.55175348371267,0.3939693524468611
