Model,Fold,batch_size,learning_rate,Execution_Duration,AUC_ROC
RANSynCoders,0,128,0.001,41.48260675370693,0.4539933620507026
RANSynCoders,1,128,0.001,41.64218336343765,0.37525598474683997
RANSynCoders,2,128,0.001,41.295226976275444,0.5364734128945696
RANSynCoders,3,128,0.001,41.240062065422535,0.39372219476025705
RANSynCoders,4,128,0.001,41.43085666000843,0.42641762587387894
