Model,Fold,batch_size,learning_rate,Execution_Duration,AUC_ROC
RANSynCoders,0,256,1e-06,41.27652061358094,0.2857142857142857
RANSynCoders,1,256,1e-06,41.16084349900484,0.5173716545441706
RANSynCoders,2,256,1e-06,41.13699999079108,0.602323282254078
RANSynCoders,3,256,1e-06,44.17572082579136,0.4441776710684273
RANSynCoders,4,256,1e-06,41.172078140079975,0.40657439446366783
