Model,Fold,batch_size,learning_rate,Execution_Duration,AUC_ROC
RANSynCoders,0,256,0.001,41.3166085742414,0.47927406256620303
RANSynCoders,1,256,0.001,41.44333041086793,0.4213685474189676
RANSynCoders,2,256,0.001,44.1466848179698,0.43224348562954595
RANSynCoders,3,256,0.001,41.75047416985035,0.40456182472989194
RANSynCoders,4,256,0.001,41.591546170413494,0.5185015182543606
