Model,Fold,batch_size,learning_rate,Execution_Duration,AUC_ROC
RANSynCoders,0,512,1e-06,41.286406714469194,0.4179789562883977
RANSynCoders,1,512,1e-06,41.25297674909234,0.4861238613092297
RANSynCoders,2,512,1e-06,41.222378712147474,0.47539015606242496
RANSynCoders,3,512,1e-06,41.17006018385291,0.45138055222088835
RANSynCoders,4,512,1e-06,41.108723390847445,0.5881293693948169
