Model,Fold,batch_size,learning_rate,Execution_Duration,AUC_ROC
RANSynCoders,0,64,0.001,41.26984217390418,0.4190735117576443
RANSynCoders,1,64,0.001,41.20601547136903,0.4273709483793518
RANSynCoders,2,64,0.001,44.14360849559307,0.3540004236988913
RANSynCoders,3,64,0.001,41.28837255761027,0.3852835251747758
RANSynCoders,4,64,0.001,41.40373555570841,0.4201327589859473
