Model,Fold,batch_size,learning_rate,Execution_Duration,AUC_ROC
RANSynCoders,0,32,0.001,41.123072139918804,0.39792387543252594
RANSynCoders,1,32,0.001,41.20356037840247,0.43196101970199846
RANSynCoders,2,32,0.001,41.17760797590017,0.5119341854388814
RANSynCoders,3,32,0.001,41.255095075815916,0.4946331473765977
RANSynCoders,4,32,0.001,41.287920229136944,0.3841889697055293
