Model,Fold,batch_size,learning_rate,Execution_Duration,AUC_ROC
RANSynCoders,0,512,0.001,40.803924933075905,0.4389873596497423
RANSynCoders,1,512,0.001,43.614147305488586,0.45236918296730455
RANSynCoders,2,512,0.001,41.18268462270498,0.4042793588023445
RANSynCoders,3,512,0.001,41.43221506103873,0.41218840477367413
RANSynCoders,4,512,0.001,41.363224148750305,0.4070334015959325
