Fold,batch_size,learning_rate,Execution_Duration,AUC_ROC
0,360,1e-06,3.4230357818305492,0.8823643516111762
1,360,1e-06,3.2507110238075256,0.8540824481498437
2,360,1e-06,3.278942722827196,0.8657055733583694
3,360,1e-06,3.3225695081055164,0.8963384827864463
4,360,1e-06,3.236553318798542,0.8610345978072798
