Fold,batch_size,learning_rate,Execution_Duration,AUC_ROC
0,360,0.001,4.243498012423515,0.8819608786399857
1,360,0.001,3.3085318133234978,0.811609158836446
2,360,0.001,3.2948297038674355,0.8338777632079204
3,360,0.001,3.249612759798765,0.8232400431405716
4,360,0.001,3.32031974196434,0.8457259021888409
