Fold,batch_size,learning_rate,Execution_Duration,AUC_ROC
0,90,1e-06,3.3168463557958603,0.8676763836407229
1,90,1e-06,3.3181700855493546,0.8182431855742895
2,90,1e-06,3.2949131689965725,0.8434524871780945
3,90,1e-06,3.358113419264555,0.8603440382988958
4,90,1e-06,3.3469102010130882,0.8562084403441935
