Fold,batch_size,learning_rate,Execution_Duration,AUC_ROC
0,90,0.001,3.2785399109125137,0.8430645323981036
1,90,0.001,3.267947267740965,0.8488993722891659
2,90,0.001,3.2880424670875072,0.8248927305033324
3,90,0.001,3.2313819862902164,0.8310844887919864
4,90,0.001,3.2881309799849987,0.8523521698310845
