Fold,n_estimators,contamination,max_samples,max_features,Execution_Duration,AUC_ROC
0,40,0.01,256,0.5,3.7947510667145252,0.7616998386229155
1,40,0.01,256,0.5,3.971034064888954,0.7950022005966062
2,40,0.01,256,0.5,4.057294495403767,0.7940241576605213
3,40,0.01,256,0.5,3.9829070195555687,0.7892317472737054
4,40,0.01,256,0.5,3.9534966833889484,0.7431170228373025
