Fold,n_estimators,contamination,max_samples,max_features,Execution_Duration,AUC_ROC
0,100,0.01,256,1.0,3.9235059581696987,0.7549024402171256
1,100,0.01,256,1.0,4.123276878148317,0.7522617242896964
2,100,0.01,256,1.0,4.57432895898819,0.7474204117560761
3,100,0.01,256,1.0,4.021788112819195,0.763558120201477
4,100,0.01,256,1.0,4.022565219551325,0.7669323683309698
