Fold,n_estimators,contamination,max_samples,max_features,Execution_Duration,AUC_ROC
0,2,0.01,256,1.0,3.989862259477377,0.7166365103428041
1,2,0.01,256,1.0,4.058531451970339,0.6666340652354639
2,2,0.01,256,1.0,4.087143074721098,0.6513765954325396
3,2,0.01,256,1.0,3.992213908582926,0.7243630495378747
4,2,0.01,256,1.0,4.023564822971821,0.7467602327742188
