Fold,n_estimators,contamination,max_samples,max_features,Execution_Duration,AUC_ROC
0,70,0.01,256,0.5,4.053411699831486,0.7584722969338353
1,70,0.01,256,0.5,3.9963229782879353,0.792557093256394
2,70,0.01,256,0.5,4.119376581162214,0.7859064012910166
3,70,0.01,256,0.5,3.958147566765547,0.7757347547557338
4,70,0.01,256,0.5,3.8790124841034412,0.7725561152134579
