Fold,n_estimators,contamination,max_samples,max_features,Execution_Duration,AUC_ROC
0,2,0.01,256,0.5,3.944039884954691,0.7071739449361828
1,2,0.01,256,0.5,3.9087864384055138,0.5344271113501884
2,2,0.01,256,0.5,3.871828004717827,0.7098880140838183
3,2,0.01,256,0.5,3.920755822211504,0.663675485353807
4,2,0.01,256,0.5,3.8741421066224575,0.5006601789818573
