Fold,n_estimators,contamination,max_samples,max_features,Execution_Duration,AUC_ROC
0,10,0.01,256,0.5,3.937659602612257,0.7723116044794367
1,10,0.01,256,0.5,3.929104883223772,0.7747567118196489
2,10,0.01,256,0.5,3.967989981174469,0.8127047777397427
3,10,0.01,256,0.5,3.976252492517233,0.8486478556408626
4,10,0.01,256,0.5,3.9669684916734695,0.7823365445743068
