Fold,n_estimators,contamination,max_samples,max_features,Execution_Duration,AUC_ROC
0,40,0.01,256,1.0,3.9594155959784985,0.7658565211012764
1,40,0.01,256,1.0,4.009533017873764,0.7487407697197906
2,40,0.01,256,1.0,4.024896655231714,0.7404763069098734
3,40,0.01,256,1.0,4.014521490782499,0.7877157807227737
4,40,0.01,256,1.0,3.9954293854534626,0.767176879064991
