Fold,n_estimators,contamination,max_samples,max_features,Execution_Duration,AUC_ROC
0,100,0.01,256,0.5,3.938608802855015,0.7526529414641303
1,100,0.01,256,0.5,3.9488497711718082,0.777788644921512
2,100,0.01,256,0.5,4.095838513225317,0.7762237762237763
3,100,0.01,256,0.5,4.115611422806978,0.7617487407697198
4,100,0.01,256,0.5,3.999178595840931,0.7576409604381632
