Fold,n_estimators,contamination,max_samples,max_features,Execution_Duration,AUC_ROC
0,70,0.01,256,1.0,4.003287151455879,0.7626289794121962
1,70,0.01,256,1.0,3.9575394988059998,0.7547557337767128
2,70,0.01,256,1.0,3.879672199487686,0.7433615335713237
3,70,0.01,256,1.0,4.167078711092472,0.7807227737297667
4,70,0.01,256,1.0,3.9669967107474804,0.7709423443689177
