Fold,n_estimators,contamination,max_samples,max_features,Execution_Duration,AUC_ROC
0,10,0.01,256,1.0,3.9872144758701324,0.7346080492933639
1,10,0.01,256,1.0,4.03158613294363,0.7121619639102157
2,10,0.01,256,1.0,4.122025400400162,0.7282996723556163
3,10,0.01,256,1.0,4.09549467638135,0.804146902049
4,10,0.01,256,1.0,4.074790462851524,0.8106019854271602
