Fold,batch_size,learning_rate,Execution_Duration,AUC_ROC
0,360,0.001,3.4935387596488,0.7012021489991442
1,360,0.001,3.82943943887949,0.8494578406205726
2,360,0.001,3.43533593788743,0.6981582011249983
3,360,0.001,3.547685395926237,0.86787582937059
4,360,0.001,3.5070402026176453,0.8353883488336209
