Fold,batch_size,learning_rate,Execution_Duration,AUC_ROC
0,90,1e-06,3.438159305602312,0.8347571154034984
1,90,1e-06,3.5259194634854794,0.8614793306120158
2,90,1e-06,3.764575693756342,0.8490370183338242
3,90,1e-06,3.559832889586687,0.8601046444753048
4,90,1e-06,3.4538903422653675,0.8585195471952194
