Fold,batch_size,learning_rate,Execution_Duration,AUC_ROC
0,90,0.001,3.534506920725107,0.8635273324075243
1,90,0.001,3.933955378830433,0.8372680217144299
2,90,0.001,3.5214910842478275,0.8632888664450336
3,90,0.001,3.458721552044153,0.8369313638850313
4,90,0.001,3.453797809779644,0.8611847550112921
