Fold,batch_size,learning_rate,Execution_Duration,AUC_ROC
0,360,1e-06,3.4899886548519135,0.8636816339126654
1,360,1e-06,3.7570566833019257,0.8545357628806688
2,360,1e-06,3.6482152827084064,0.7162114772265006
3,360,1e-06,3.5489918552339077,0.8648038266773275
4,360,1e-06,3.475829638540745,0.8597820140554643
