Fold,n_estimators,contamination,max_samples,max_features,Execution_Duration,AUC_ROC
0,10,0.01,256,1.0,4.674953393638134,0.5499489885239272
1,10,0.01,256,1.0,4.5457538440823555,0.5523486408007292
2,10,0.01,256,1.0,4.61395850032568,0.5439272196028953
3,10,0.01,256,1.0,4.580579269677401,0.5691280961551232
4,10,0.01,256,1.0,4.552285701036453,0.5382163490271599
