Fold,n_estimators,contamination,max_samples,max_features,Execution_Duration,AUC_ROC
0,70,0.01,256,1.0,4.01215536147356,0.6000458801441602
1,70,0.01,256,1.0,4.038717020303011,0.5815006429257044
2,70,0.01,256,1.0,4.046517804265022,0.583209074609566
3,70,0.01,256,1.0,3.9393119625747204,0.5742926308036873
4,70,0.01,256,1.0,4.0678666941821575,0.5886422495759105
