Fold,n_estimators,contamination,max_samples,max_features,Execution_Duration,AUC_ROC
0,70,0.01,256,0.5,4.9098037630319595,0.5624603830992037
1,70,0.01,256,0.5,4.888588730245829,0.5625026411267198
2,70,0.01,256,0.5,4.617474038153887,0.5616755911596206
3,70,0.01,256,0.5,4.63757698237896,0.592692983356374
4,70,0.01,256,0.5,4.722500015050173,0.574872169466764
