Fold,n_estimators,contamination,max_samples,max_features,Execution_Duration,AUC_ROC
0,2,0.01,256,0.5,5.73403537645936,0.5279265193270106
1,2,0.01,256,0.5,5.576557643711567,0.5175551920023664
2,2,0.01,256,0.5,4.809954438358545,0.5527440552010576
3,2,0.01,256,0.5,4.409639921039343,0.5825027618639413
4,2,0.01,256,0.5,4.438288196921349,0.4825383793442761
