Fold,n_estimators,contamination,max_samples,max_features,Execution_Duration,AUC_ROC
0,10,0.01,256,0.5,4.355294570326805,0.5529583637691746
1,10,0.01,256,0.5,4.64486750215292,0.5304046507977712
2,10,0.01,256,0.5,4.266282632946968,0.5540510356235173
3,10,0.01,256,0.5,5.636332660913467,0.5700064594413489
4,10,0.01,256,0.5,5.778968557715416,0.5266014283213301
