Fold,n_estimators,contamination,max_samples,max_features,Execution_Duration,AUC_ROC
0,100,0.01,256,1.0,4.309255290776491,0.592330771691951
1,100,0.01,256,1.0,4.318205654621124,0.5891433090450289
2,100,0.01,256,1.0,4.034897357225418,0.5854064920403987
3,100,0.01,256,1.0,4.028689578175545,0.5830460793605756
4,100,0.01,256,1.0,4.134133085608482,0.5902299440382979
