Fold,n_estimators,contamination,max_samples,max_features,Execution_Duration,AUC_ROC
0,40,0.01,256,1.0,4.424583315849304,0.5873503613061353
1,40,0.01,256,1.0,4.664843130856752,0.5698012061648425
2,40,0.01,256,1.0,4.625157259404659,0.5657383986622316
3,40,0.01,256,1.0,4.302448946982622,0.5629372951240273
4,40,0.01,256,1.0,4.329512756317854,0.5745884369962995
