Fold,n_estimators,contamination,max_samples,max_features,Execution_Duration,AUC_ROC
0,2,0.01,256,1.0,4.622717075049877,0.5447482327089206
1,2,0.01,256,1.0,4.554276630282402,0.5777185494630211
2,2,0.01,256,1.0,4.577897429466248,0.5396229376573358
3,2,0.01,256,1.0,4.526536718010902,0.5397527301704207
4,2,0.01,256,1.0,4.392757099121809,0.5569004340503112
