Fold,n_estimators,contamination,max_samples,max_features,Execution_Duration,AUC_ROC
0,40,0.01,256,0.5,5.741630662232637,0.5706101455487205
1,40,0.01,256,0.5,5.350858233869076,0.5483220544645606
2,40,0.01,256,0.5,5.360796865075827,0.5595566529227463
3,40,0.01,256,0.5,4.940827079117298,0.5933570380744828
4,40,0.01,256,0.5,4.727783150970936,0.5894149677933461
