Fold,n_estimators,contamination,max_samples,max_features,Execution_Duration,AUC_ROC
0,100,0.01,256,0.5,4.895163293927908,0.5725238305090885
1,100,0.01,256,0.5,4.770023871213198,0.578445991222404
2,100,0.01,256,0.5,4.567225627601147,0.5783554383062982
3,100,0.01,256,0.5,4.459298737347126,0.6042656460346878
4,100,0.01,256,0.5,4.562863457947969,0.584911469432354
