Model,Fold,batch_size,learning_rate,Execution_Duration,AUC_ROC
RANSynCoders,0,720,1e-06,23.413085643202066,0.6188566678077168
RANSynCoders,1,720,1e-06,23.11578579619527,0.7067827277617489
RANSynCoders,2,720,1e-06,22.009804878383875,0.6477578365690253
RANSynCoders,3,720,1e-06,22.01549230888486,0.733630006357279
RANSynCoders,4,720,1e-06,22.018596034497023,0.6736026211550686
