Model,Fold,n_estimators,contamination,max_samples,max_features,Execution_Duration,AUC_ROC
Isolation_Forest,0,10,0.01,256,1.0,0.642261441797018,0.5660885366045071
Isolation_Forest,1,10,0.01,256,1.0,0.6513398699462414,0.5769337575234381
Isolation_Forest,2,10,0.01,256,1.0,0.6317479200661182,0.5817330620770425
Isolation_Forest,3,10,0.01,256,1.0,0.6705782450735569,0.5987539918743849
Isolation_Forest,4,10,0.01,256,1.0,0.6484174393117428,0.5963573580281196
