Model,Fold,n_estimators,contamination,max_samples,max_features,Execution_Duration,AUC_ROC
Isolation_Forest,0,40,0.01,256,0.5,0.6428939402103424,0.5916787906959897
Isolation_Forest,1,40,0.01,256,0.5,0.6434626653790474,0.5779207843089907
Isolation_Forest,2,40,0.01,256,0.5,0.6570564657449722,0.5800095382404965
Isolation_Forest,3,40,0.01,256,0.5,0.6261414885520935,0.5802147915170028
Isolation_Forest,4,40,0.01,256,0.5,0.6721480637788773,0.5786331339156892
