Model,Fold,n_estimators,contamination,max_samples,max_features,Execution_Duration,AUC_ROC
Isolation_Forest,0,2,0.01,256,1.0,0.717979408800602,0.5009900452160895
Isolation_Forest,1,2,0.01,256,1.0,0.7358856499195099,0.5189708359241528
Isolation_Forest,2,2,0.01,256,1.0,0.7893099375069141,0.5454998219125984
Isolation_Forest,3,2,0.01,256,1.0,0.7721812464296818,0.5221552801405381
Isolation_Forest,4,2,0.01,256,1.0,0.7769259549677372,0.5662092738259814
