Model,Fold,n_estimators,contamination,max_samples,max_features,Execution_Duration,AUC_ROC
Isolation_Forest,0,2,0.01,256,0.5,0.6565551608800888,0.5392999655898919
Isolation_Forest,1,2,0.01,256,0.5,0.6743951216340065,0.549613942734336
Isolation_Forest,2,2,0.01,256,0.5,0.6462249346077442,0.4870962094549317
Isolation_Forest,3,2,0.01,256,0.5,0.6317594461143017,0.4762208042306323
Isolation_Forest,4,2,0.01,256,0.5,0.6615743450820446,0.5063175751136438
