Model,Fold,n_estimators,contamination,max_samples,max_features,Execution_Duration,AUC_ROC
Isolation_Forest,0,100,0.01,256,1.0,0.6438563130795956,0.6242053981611722
Isolation_Forest,1,100,0.01,256,1.0,0.6291909366846085,0.615554576242537
Isolation_Forest,2,100,0.01,256,1.0,0.6377217434346676,0.6187782600559014
Isolation_Forest,3,100,0.01,256,1.0,0.6436314657330513,0.6033661537347041
Isolation_Forest,4,100,0.01,256,1.0,0.6380684152245522,0.6045735259494474
