Model,Fold,n_estimators,contamination,max_samples,max_features,Execution_Duration,AUC_ROC
Isolation_Forest,0,70,0.01,256,0.5,0.6362006478011608,0.5892640462665033
Isolation_Forest,1,70,0.01,256,0.5,0.6685855314135551,0.5873624350282828
Isolation_Forest,2,70,0.01,256,0.5,0.6428368054330349,0.5816093064250312
Isolation_Forest,3,70,0.01,256,0.5,0.6419724933803082,0.5900307276228652
Isolation_Forest,4,70,0.01,256,0.5,0.6873987875878811,0.6079843524560969
