Model,Fold,n_estimators,contamination,max_samples,max_features,Execution_Duration,AUC_ROC
Isolation_Forest,0,100,0.01,256,0.5,0.7311581447720528,0.5964479109442254
Isolation_Forest,1,100,0.01,256,0.5,0.7227513156831264,0.5899643221510543
Isolation_Forest,2,100,0.01,256,0.5,0.7086381763219833,0.5863965372564881
Isolation_Forest,3,100,0.01,256,0.5,0.7289724573493004,0.5880989320792761
Isolation_Forest,4,100,0.01,256,0.5,0.6956043392419815,0.5983133010160037
