Model,Fold,n_estimators,contamination,max_samples,max_features,Execution_Duration,AUC_ROC
Isolation_Forest,0,70,0.01,256,1.0,0.6328144632279873,0.6075557353198631
Isolation_Forest,1,70,0.01,256,1.0,0.6874095685780048,0.6124516296506468
Isolation_Forest,2,70,0.01,256,1.0,0.6461949087679386,0.6127112146768167
Isolation_Forest,3,70,0.01,256,1.0,0.6437465809285641,0.6054428339440624
Isolation_Forest,4,70,0.01,256,1.0,0.660239964723587,0.6108639351882595
