Model,Fold,n_estimators,contamination,max_samples,max_features,Execution_Duration,AUC_ROC
Isolation_Forest,0,40,0.01,256,1.0,0.6546581648290157,0.6047003000319954
Isolation_Forest,1,40,0.01,256,1.0,0.6417463310062885,0.6099101111386124
Isolation_Forest,2,40,0.01,256,1.0,0.6311099529266357,0.5949749168422387
Isolation_Forest,3,40,0.01,256,1.0,0.6600952632725239,0.5952284650073347
Isolation_Forest,4,40,0.01,256,1.0,0.6349646560847759,0.6104655023573943
