Model,Fold,n_estimators,contamination,max_samples,max_features,Execution_Duration,AUC_ROC
Isolation_Forest,0,10,0.01,256,0.5,0.8595286272466183,0.5611866054126496
Isolation_Forest,1,10,0.01,256,0.5,0.6352745667099953,0.5531666354762178
Isolation_Forest,2,10,0.01,256,0.5,0.6516534388065338,0.5105856358927612
Isolation_Forest,3,10,0.01,256,0.5,0.6256834864616394,0.5197677015858834
Isolation_Forest,4,10,0.01,256,0.5,0.6505289152264595,0.5365501753708142
