Model,Fold,n_estimators,contamination,max_samples,max_features,Execution_Duration,AUC_ROC
Isolation_Forest,0,100,0.01,256,1.0,0.8886885233223438,0.6077851360406643
Isolation_Forest,1,100,0.01,256,1.0,0.7977675274014473,0.6169249437062705
Isolation_Forest,2,100,0.01,256,1.0,0.872323427349329,0.6042052774239506
Isolation_Forest,3,100,0.01,256,1.0,0.7799442261457443,0.5964479109442253
Isolation_Forest,4,100,0.01,256,1.0,0.8514035642147064,0.615639092297569
