Model,Fold,n_estimators,contamination,max_samples,max_features,Execution_Duration,AUC_ROC
Isolation_Forest,0,2,0.01,256,1.0,0.5380523055791855,0.659469900728642
Isolation_Forest,1,2,0.01,256,1.0,0.6887086741626263,0.8154677490341825
Isolation_Forest,2,2,0.01,256,1.0,0.5230931974947453,0.7726050173602621
Isolation_Forest,3,2,0.01,256,1.0,0.48977385088801384,0.8724387500611277
Isolation_Forest,4,2,0.01,256,1.0,0.49851860478520393,0.7605750892464179
