Model,Fold,n_estimators,contamination,max_samples,max_features,Execution_Duration,AUC_ROC
Isolation_Forest,0,70,0.01,256,1.0,0.47898251935839653,0.8448823903369358
Isolation_Forest,1,70,0.01,256,1.0,0.48443739488720894,0.8803853489168174
Isolation_Forest,2,70,0.01,256,1.0,0.4948808550834656,0.8530979510000488
Isolation_Forest,3,70,0.01,256,1.0,0.4814561493694782,0.8868893344417821
Isolation_Forest,4,70,0.01,256,1.0,0.5044991746544838,0.8692845615922539
