Model,Fold,n_estimators,contamination,max_samples,max_features,Execution_Duration,AUC_ROC
Isolation_Forest,0,40,0.01,256,0.5,0.4815366677939892,0.860726685901511
Isolation_Forest,1,40,0.01,256,0.5,0.48339125141501427,0.8735879505110274
Isolation_Forest,2,40,0.01,256,0.5,0.49194473773241043,0.8552496454594357
Isolation_Forest,3,40,0.01,256,0.5,0.5133197121322155,0.8756907428236099
Isolation_Forest,4,40,0.01,256,0.5,0.4733430966734886,0.857107927037997
