Model,Fold,n_estimators,contamination,max_samples,max_features,Execution_Duration,AUC_ROC
Isolation_Forest,0,40,0.01,256,1.0,0.48129313439130783,0.835346471710108
Isolation_Forest,1,40,0.01,256,1.0,0.4844529926776886,0.8543694068169593
Isolation_Forest,2,40,0.01,256,1.0,0.4602184072136879,0.849723702870556
Isolation_Forest,3,40,0.01,256,1.0,0.4950636364519596,0.8898234632500367
Isolation_Forest,4,40,0.01,256,1.0,0.4697098359465599,0.863318499682136
