Model,Fold,n_estimators,contamination,max_samples,max_features,Execution_Duration,AUC_ROC
Isolation_Forest,0,100,0.01,256,0.5,0.5000017918646336,0.871485158198445
Isolation_Forest,1,100,0.01,256,0.5,0.47725140303373337,0.8774023179617585
Isolation_Forest,2,100,0.01,256,0.5,0.4741123430430889,0.8590151107633626
Isolation_Forest,3,100,0.01,256,0.5,0.47889404743909836,0.8719252775196831
Isolation_Forest,4,100,0.01,256,0.5,0.5101891160011292,0.8672306714264756
