Model,Fold,n_estimators,contamination,max_samples,max_features,Execution_Duration,AUC_ROC
Isolation_Forest,0,100,0.01,256,1.0,0.48638592287898064,0.8646388576458506
Isolation_Forest,1,100,0.01,256,1.0,0.4898887649178505,0.8857645850652843
Isolation_Forest,2,100,0.01,256,1.0,0.4791593961417675,0.863905325443787
Isolation_Forest,3,100,0.01,256,1.0,0.49859513714909554,0.8919262555626191
Isolation_Forest,4,100,0.01,256,1.0,0.5005551874637604,0.8716318646388577
