Model,Fold,n_estimators,contamination,max_samples,max_features,Execution_Duration,AUC_ROC
Isolation_Forest,0,2,0.01,256,0.5,0.5429714769124985,0.6532593280845028
Isolation_Forest,1,2,0.01,256,0.5,0.48623641952872276,0.8162501833830506
Isolation_Forest,2,2,0.01,256,0.5,0.4758929945528507,0.6391755098048804
Isolation_Forest,3,2,0.01,256,0.5,0.4886692874133587,0.7311115457968603
Isolation_Forest,4,2,0.01,256,0.5,0.4763815701007843,0.8550540368722188
