Model,Fold,n_estimators,contamination,max_samples,max_features,Execution_Duration,AUC_ROC
Isolation_Forest,0,10,0.01,256,1.0,0.4724419079720974,0.7903564966502028
Isolation_Forest,1,10,0.01,256,1.0,0.5094487629830837,0.8418504572350727
Isolation_Forest,2,10,0.01,256,1.0,0.4832061119377613,0.8542227003765466
Isolation_Forest,3,10,0.01,256,1.0,0.4636281356215477,0.9153992860286567
Isolation_Forest,4,10,0.01,256,1.0,0.4730471111834049,0.831140887084943
