Model,Fold,n_estimators,contamination,max_samples,max_features,Execution_Duration,AUC_ROC
Isolation_Forest,0,10,0.01,256,0.5,0.4813713952898979,0.8198933933199668
Isolation_Forest,1,10,0.01,256,0.5,0.4697580821812153,0.8643943469118295
Isolation_Forest,2,10,0.01,256,0.5,0.46447816118597984,0.8047826299574552
Isolation_Forest,3,10,0.01,256,0.5,0.4915328808128834,0.8384273069587755
Isolation_Forest,4,10,0.01,256,0.5,0.4796058237552643,0.8388674262800137
