Model,Fold,n_estimators,contamination,max_samples,max_features,Execution_Duration,AUC_ROC
Isolation_Forest,0,70,0.01,256,0.5,0.5050227083265781,0.8659592156095652
Isolation_Forest,1,70,0.01,256,0.5,0.4682803638279438,0.8755929385300014
Isolation_Forest,2,70,0.01,256,0.5,0.4702138341963291,0.8589173064697541
Isolation_Forest,3,70,0.01,256,0.5,0.48434513807296753,0.8663504327839993
Isolation_Forest,4,70,0.01,256,0.5,0.4598330222070217,0.8635630104161572
