Model,Fold,n_estimators,contamination,max_samples,max_features,Execution_Duration,AUC_ROC
Isolation_Forest,0,100,0.01,128,1.0,0.452401727437973,0.8649322705266761
Isolation_Forest,1,100,0.01,128,1.0,0.48265139386057854,0.8655679984351313
Isolation_Forest,2,100,0.01,128,1.0,0.49544232338666916,0.8677196928945181
Isolation_Forest,3,100,0.01,128,1.0,0.5117432586848736,0.8602376644334686
Isolation_Forest,4,100,0.01,128,1.0,0.5125003755092621,0.8620959460120299
