Model,Fold,n_estimators,contamination,max_samples,max_features,Execution_Duration,AUC_ROC
Isolation_Forest,0,2,0.01,128,1.0,0.5149103216826916,0.8088170570688054
Isolation_Forest,1,2,0.01,128,1.0,0.4767323471605778,0.6038192576654116
Isolation_Forest,2,2,0.01,128,1.0,0.4858168885111809,0.7606239913932221
Isolation_Forest,3,2,0.01,128,1.0,0.5692196041345596,0.6354833977211599
Isolation_Forest,4,2,0.01,128,1.0,0.5751310773193836,0.5755293657391559
