Model,Fold,n_estimators,contamination,max_samples,max_features,Execution_Duration,AUC_ROC
Isolation_Forest,0,70,0.01,128,1.0,0.4900653213262558,0.8552007433126314
Isolation_Forest,1,70,0.01,128,1.0,0.4786057211458683,0.8738324612450487
Isolation_Forest,2,70,0.01,128,1.0,0.48047931492328644,0.863514108269353
Isolation_Forest,3,70,0.01,128,1.0,0.4881947338581085,0.8500171157513815
Isolation_Forest,4,70,0.01,128,1.0,0.46977483853697777,0.8513374737150962
