Model,Fold,n_estimators,contamination,max_samples,max_features,Execution_Duration,AUC_ROC
Isolation_Forest,0,2,0.01,512,1.0,0.5552089214324951,0.7970316396889824
Isolation_Forest,1,2,0.01,512,1.0,0.5317878425121307,0.7579588243923908
Isolation_Forest,2,2,0.01,512,1.0,0.5307524465024471,0.8257861020098782
Isolation_Forest,3,2,0.01,512,1.0,0.5394461303949356,0.7527262946843367
Isolation_Forest,4,2,0.01,512,1.0,0.5161858089268208,0.7731673920485109
