Model,Fold,n_estimators,contamination,max_samples,max_features,Execution_Duration,AUC_ROC
Isolation_Forest,0,70,0.01,512,1.0,0.4617622047662735,0.877500122255367
Isolation_Forest,1,70,0.01,512,1.0,0.48064636066555977,0.8529512445596361
Isolation_Forest,2,70,0.01,512,1.0,0.46459004282951355,0.8706049195559685
Isolation_Forest,3,70,0.01,512,1.0,0.4650247059762478,0.8676218886009096
Isolation_Forest,4,70,0.01,512,1.0,0.4812677875161171,0.853538070321287
