Model,Fold,n_estimators,contamination,max_samples,max_features,Execution_Duration,AUC_ROC
Isolation_Forest,0,10,0.01,512,1.0,0.5396804735064507,0.8727566140153553
Isolation_Forest,1,10,0.01,512,1.0,0.550287202000618,0.8857156829184801
Isolation_Forest,2,10,0.01,512,1.0,0.5616674013435841,0.8751528192087632
Isolation_Forest,3,10,0.01,512,1.0,0.48017147183418274,0.8260061616704973
Isolation_Forest,4,10,0.01,512,1.0,0.47072306647896767,0.8495769964301433
