Model,Fold,n_estimators,contamination,max_samples,max_features,Execution_Duration,AUC_ROC
Isolation_Forest,0,40,0.01,128,1.0,0.4739844873547554,0.8478165191451905
Isolation_Forest,1,40,0.01,128,1.0,0.45589815080165863,0.8544672111105677
Isolation_Forest,2,40,0.01,128,1.0,0.46363089978694916,0.8526089295320065
Isolation_Forest,3,40,0.01,128,1.0,0.4737987704575062,0.8223874028069832
Isolation_Forest,4,40,0.01,128,1.0,0.45706233382225037,0.843121913051983
