Model,Fold,n_estimators,contamination,max_samples,max_features,Execution_Duration,AUC_ROC
Isolation_Forest,0,10,0.01,128,1.0,0.48520710691809654,0.7995011981025967
Isolation_Forest,1,10,0.01,128,1.0,0.48088429495692253,0.8199911976135752
Isolation_Forest,2,10,0.01,128,1.0,0.49516430869698524,0.8618025331312045
Isolation_Forest,3,10,0.01,128,1.0,0.4598485678434372,0.7252188371069489
Isolation_Forest,4,10,0.01,128,1.0,0.4771231859922409,0.7790601007384225
