Model,Fold,n_estimators,contamination,max_samples,max_features,Execution_Duration,AUC_ROC
Isolation_Forest,0,40,0.01,512,1.0,0.510752696543932,0.8887965181671476
Isolation_Forest,1,40,0.01,512,1.0,0.6842793934047222,0.8493324856961221
Isolation_Forest,2,40,0.01,512,1.0,0.4746338538825512,0.8755440363831972
Isolation_Forest,3,40,0.01,512,1.0,0.4560219347476959,0.8755440363831972
Isolation_Forest,4,40,0.01,512,1.0,0.4566328823566437,0.86209594601203
