Model,Fold,n_estimators,contamination,max_samples,max_features,Execution_Duration,AUC_ROC
Isolation_Forest,0,100,0.01,512,1.0,0.491048164665699,0.8772067093745416
Isolation_Forest,1,100,0.01,512,1.0,0.49019474536180496,0.8606288816079025
Isolation_Forest,2,100,0.01,512,1.0,0.48051948100328445,0.8698713873539048
Isolation_Forest,3,100,0.01,512,1.0,0.472204964607954,0.8695290723262751
Isolation_Forest,4,100,0.01,512,1.0,0.46473150327801704,0.8688933444178198
